-- GENERATED FILE — do not edit by hand.
-- Source: scripts/generate-module-seed.mjs (token addresses from @bgd-labs/aave-address-book)
-- Regenerate: node scripts/generate-module-seed.mjs
-- Requires 0001-defi-token.sql to have been applied: pairs resolve token ids by
-- (chain, address) subselect.
--
-- Ids are deterministic (uuid v5), so re-running updates rows in place.

INSERT INTO defi_modules (id, name, protocol, category, icon_url, description, website_url, is_active, chain, chain_id) VALUES
  ('23d0779a-ab0a-542d-9a8f-077945770c73', 'Aave V3 (avalanche)', 'AAVE', 'LENDING', '/icons/agents/aave.png', 'Supply collateral and borrow against it on Aave v3.', 'https://aave.com', true, 'avalanche', 43114),
  ('5d1c4df0-5955-5673-9be1-8312d6dd7b07', 'Benqi (avalanche)', 'BENQI', 'LENDING', '/icons/agents/benqi.png', 'Supply collateral and borrow against it on Benqi, the native Avalanche money market.', 'https://benqi.fi', true, 'avalanche', 43114),
  ('93853910-fd98-5506-9f66-d468b93092a0', 'Trader Joe (avalanche)', 'TRADER_JOE', 'DEX', '/icons/agents/trader-joe.png', 'Swap tokens through Trader Joe (LFJ) Liquidity Book v2.2.', 'https://lfj.gg', true, 'avalanche', 43114)
ON CONFLICT (id) DO UPDATE SET
  name = EXCLUDED.name, protocol = EXCLUDED.protocol, category = EXCLUDED.category,
  icon_url = EXCLUDED.icon_url, description = EXCLUDED.description,
  website_url = EXCLUDED.website_url, is_active = EXCLUDED.is_active,
  chain = EXCLUDED.chain, chain_id = EXCLUDED.chain_id;

INSERT INTO defi_module_actions (id, module_id, name, pallet, call, description, param_schema, risk_level, is_active) VALUES
  ('b24184b5-5a31-5b4f-a240-32d1b502df98', '23d0779a-ab0a-542d-9a8f-077945770c73', 'Supply', NULL, NULL, 'Deposit a token as collateral.', '{"amount":{"type":"number","required":true},"tokenIn":{"type":"address","required":true}}'::jsonb, 'LOW', true),
  ('2a5bfc9b-7d9b-5303-a6e2-018e3b626d48', '23d0779a-ab0a-542d-9a8f-077945770c73', 'Borrow', NULL, NULL, 'Borrow a token against supplied collateral.', '{"amount":{"type":"number","required":true},"tokenIn":{"type":"address","required":true}}'::jsonb, 'MEDIUM', true),
  ('2b94d4b0-22df-5cb5-a337-e5068b4f09cb', '5d1c4df0-5955-5673-9be1-8312d6dd7b07', 'Supply', NULL, NULL, 'Deposit a token as collateral.', '{"amount":{"type":"number","required":true},"tokenIn":{"type":"address","required":true}}'::jsonb, 'LOW', true),
  ('51611432-c373-5523-9cdb-ae8fa0551269', '5d1c4df0-5955-5673-9be1-8312d6dd7b07', 'Borrow', NULL, NULL, 'Borrow a token against supplied collateral.', '{"amount":{"type":"number","required":true},"tokenIn":{"type":"address","required":true}}'::jsonb, 'MEDIUM', true),
  ('abb3dfb7-d63b-5e8d-ac9f-03a73babcb45', '93853910-fd98-5506-9f66-d468b93092a0', 'Swap', NULL, NULL, 'Swap one token for another.', '{"amount":{"type":"number","required":true},"tokenIn":{"type":"address","required":true},"tokenOut":{"type":"address","required":true}}'::jsonb, 'LOW', true)
ON CONFLICT (id) DO UPDATE SET
  module_id = EXCLUDED.module_id, name = EXCLUDED.name, description = EXCLUDED.description,
  param_schema = EXCLUDED.param_schema, risk_level = EXCLUDED.risk_level,
  is_active = EXCLUDED.is_active;

INSERT INTO defi_pairs (id, action_id, token_in_id, token_out_id) VALUES
  ('bcbce474-e4e6-5369-bd41-4f8287c1fae1', 'b24184b5-5a31-5b4f-a240-32d1b502df98', (SELECT id FROM defi_token WHERE chain = 'avalanche' AND address = '0xd586e7f844cea2f87f50152665bcbc2c279d8d70'), NULL),
  ('2e8731ae-3351-508e-93a8-611c214d5580', 'b24184b5-5a31-5b4f-a240-32d1b502df98', (SELECT id FROM defi_token WHERE chain = 'avalanche' AND address = '0x5947bb275c521040051d82396192181b413227a3'), NULL),
  ('a07b1a7f-998d-56d3-83fa-e675d7df2c21', 'b24184b5-5a31-5b4f-a240-32d1b502df98', (SELECT id FROM defi_token WHERE chain = 'avalanche' AND address = '0xb97ef9ef8734c71904d8002f8b6bc66dd9c48a6e'), NULL),
  ('452dc2af-1168-5453-acb1-d7818494d477', 'b24184b5-5a31-5b4f-a240-32d1b502df98', (SELECT id FROM defi_token WHERE chain = 'avalanche' AND address = '0x50b7545627a5162f82a992c33b87adc75187b218'), NULL),
  ('b1890b0e-92ba-508a-9785-ef90a69ee75b', 'b24184b5-5a31-5b4f-a240-32d1b502df98', (SELECT id FROM defi_token WHERE chain = 'avalanche' AND address = '0x49d5c2bdffac6ce2bfdb6640f4f80f226bc10bab'), NULL),
  ('3a0f3ad4-8ecf-5101-9c36-338acd693734', 'b24184b5-5a31-5b4f-a240-32d1b502df98', (SELECT id FROM defi_token WHERE chain = 'avalanche' AND address = '0x9702230a8ea53601f5cd2dc00fdbc13d4df4a8c7'), NULL),
  ('97aef055-03b1-56e9-ac04-3d4543c97dc3', 'b24184b5-5a31-5b4f-a240-32d1b502df98', (SELECT id FROM defi_token WHERE chain = 'avalanche' AND address = '0x63a72806098bd3d9520cc43356dd78afe5d386d9'), NULL),
  ('ffa47eed-29be-5b97-a310-dbf9d3841c01', 'b24184b5-5a31-5b4f-a240-32d1b502df98', (SELECT id FROM defi_token WHERE chain = 'avalanche' AND address = '0xb31f66aa3c1e785363f0875a1b74e27b85fd66c7'), NULL),
  ('096c2dbf-b6dd-50b1-a6f4-91b04db4aafa', 'b24184b5-5a31-5b4f-a240-32d1b502df98', (SELECT id FROM defi_token WHERE chain = 'avalanche' AND address = '0x2b2c81e08f1af8835a78bb2a90ae924ace0ea4be'), NULL),
  ('f4d125a1-4da5-53b6-b583-4626eef1d0a5', 'b24184b5-5a31-5b4f-a240-32d1b502df98', (SELECT id FROM defi_token WHERE chain = 'avalanche' AND address = '0xd24c2ad096400b6fbcd2ad8b24e7acbc21a1da64'), NULL),
  ('f5a210ff-3134-541f-99c0-3bde86be9c3a', 'b24184b5-5a31-5b4f-a240-32d1b502df98', (SELECT id FROM defi_token WHERE chain = 'avalanche' AND address = '0x5c49b268c9841aff1cc3b0a418ff5c3442ee3f3b'), NULL),
  ('8e792430-9442-570a-ad83-0662193b84dd', 'b24184b5-5a31-5b4f-a240-32d1b502df98', (SELECT id FROM defi_token WHERE chain = 'avalanche' AND address = '0x152b9d0fdc40c096757f570a51e494bd4b943e50'), NULL),
  ('8b53e08e-492f-5910-b9a8-57bdf63080dc', 'b24184b5-5a31-5b4f-a240-32d1b502df98', (SELECT id FROM defi_token WHERE chain = 'avalanche' AND address = '0x00000000efe302beaa2b3e6e1b18d08d69a9012a'), NULL),
  ('12467c38-ad89-57b6-a2f5-596f7a726804', 'b24184b5-5a31-5b4f-a240-32d1b502df98', (SELECT id FROM defi_token WHERE chain = 'avalanche' AND address = '0xfc421ad3c883bf9e7c4f42de845c4e4405799e73'), NULL),
  ('104d34b7-4a63-50ea-958b-88edb04454d7', 'b24184b5-5a31-5b4f-a240-32d1b502df98', (SELECT id FROM defi_token WHERE chain = 'avalanche' AND address = '0xc891eb4cbdeff6e073e859e987815ed1505c2acd'), NULL),
  ('21eb7c45-8341-52ec-bf58-eba67beb7a81', 'b24184b5-5a31-5b4f-a240-32d1b502df98', (SELECT id FROM defi_token WHERE chain = 'avalanche' AND address = '0x5d3a1ff2b6bab83b63cd9ad0787074081a52ef34'), NULL),
  ('aef29521-5c7c-5431-89b3-0c5338200825', 'b24184b5-5a31-5b4f-a240-32d1b502df98', (SELECT id FROM defi_token WHERE chain = 'avalanche' AND address = '0x211cc4dd073734da055fbf44a2b4667d5e5fe5d2'), NULL),
  ('ae7971c2-7f8d-514a-8ef5-6e9e44c47000', 'b24184b5-5a31-5b4f-a240-32d1b502df98', (SELECT id FROM defi_token WHERE chain = 'avalanche' AND address = '0x7bfd4ca2a6cf3a3fddd645d10b323031afe47ff0'), NULL),
  ('5cfe242e-68a5-5fb8-8a69-a9d9ec57ac09', '2a5bfc9b-7d9b-5303-a6e2-018e3b626d48', (SELECT id FROM defi_token WHERE chain = 'avalanche' AND address = '0xd586e7f844cea2f87f50152665bcbc2c279d8d70'), NULL),
  ('d0f65a64-ca3e-5634-9dbe-46224e602045', '2a5bfc9b-7d9b-5303-a6e2-018e3b626d48', (SELECT id FROM defi_token WHERE chain = 'avalanche' AND address = '0x5947bb275c521040051d82396192181b413227a3'), NULL),
  ('72ec12ca-fea4-563a-89ba-dba1d938b116', '2a5bfc9b-7d9b-5303-a6e2-018e3b626d48', (SELECT id FROM defi_token WHERE chain = 'avalanche' AND address = '0xb97ef9ef8734c71904d8002f8b6bc66dd9c48a6e'), NULL),
  ('e482875f-6570-53f0-8016-95a14358c147', '2a5bfc9b-7d9b-5303-a6e2-018e3b626d48', (SELECT id FROM defi_token WHERE chain = 'avalanche' AND address = '0x50b7545627a5162f82a992c33b87adc75187b218'), NULL),
  ('cba92425-0825-502a-b6fe-2b4a838d981f', '2a5bfc9b-7d9b-5303-a6e2-018e3b626d48', (SELECT id FROM defi_token WHERE chain = 'avalanche' AND address = '0x49d5c2bdffac6ce2bfdb6640f4f80f226bc10bab'), NULL),
  ('69a8c8ce-6c80-5023-a4c4-a05d30812ccc', '2a5bfc9b-7d9b-5303-a6e2-018e3b626d48', (SELECT id FROM defi_token WHERE chain = 'avalanche' AND address = '0x9702230a8ea53601f5cd2dc00fdbc13d4df4a8c7'), NULL),
  ('e4ec6c3d-392d-5024-ad31-b9be42485217', '2a5bfc9b-7d9b-5303-a6e2-018e3b626d48', (SELECT id FROM defi_token WHERE chain = 'avalanche' AND address = '0x63a72806098bd3d9520cc43356dd78afe5d386d9'), NULL),
  ('ab19939f-df71-572a-8e31-0108bbb5b46e', '2a5bfc9b-7d9b-5303-a6e2-018e3b626d48', (SELECT id FROM defi_token WHERE chain = 'avalanche' AND address = '0xb31f66aa3c1e785363f0875a1b74e27b85fd66c7'), NULL),
  ('8c559c96-4f51-5f74-bb11-a6519c061a29', '2a5bfc9b-7d9b-5303-a6e2-018e3b626d48', (SELECT id FROM defi_token WHERE chain = 'avalanche' AND address = '0x2b2c81e08f1af8835a78bb2a90ae924ace0ea4be'), NULL),
  ('10f21440-336e-5cfd-be01-7e4b4179f65f', '2a5bfc9b-7d9b-5303-a6e2-018e3b626d48', (SELECT id FROM defi_token WHERE chain = 'avalanche' AND address = '0xd24c2ad096400b6fbcd2ad8b24e7acbc21a1da64'), NULL),
  ('6d612c44-b825-5571-8198-b7d0329275a5', '2a5bfc9b-7d9b-5303-a6e2-018e3b626d48', (SELECT id FROM defi_token WHERE chain = 'avalanche' AND address = '0x5c49b268c9841aff1cc3b0a418ff5c3442ee3f3b'), NULL),
  ('bcf358d3-5897-5058-848a-d11e5905201d', '2a5bfc9b-7d9b-5303-a6e2-018e3b626d48', (SELECT id FROM defi_token WHERE chain = 'avalanche' AND address = '0x152b9d0fdc40c096757f570a51e494bd4b943e50'), NULL),
  ('f4152f6f-c5ea-5eef-a53e-c1661e733695', '2a5bfc9b-7d9b-5303-a6e2-018e3b626d48', (SELECT id FROM defi_token WHERE chain = 'avalanche' AND address = '0x00000000efe302beaa2b3e6e1b18d08d69a9012a'), NULL),
  ('e5139204-bc7a-5b8e-8257-6c193bcaba6f', '2a5bfc9b-7d9b-5303-a6e2-018e3b626d48', (SELECT id FROM defi_token WHERE chain = 'avalanche' AND address = '0xfc421ad3c883bf9e7c4f42de845c4e4405799e73'), NULL),
  ('31933280-a52b-5d63-88e0-a69005ab697a', '2a5bfc9b-7d9b-5303-a6e2-018e3b626d48', (SELECT id FROM defi_token WHERE chain = 'avalanche' AND address = '0xc891eb4cbdeff6e073e859e987815ed1505c2acd'), NULL),
  ('51ce9051-2e86-5b62-b16c-787c5a174cb6', '2a5bfc9b-7d9b-5303-a6e2-018e3b626d48', (SELECT id FROM defi_token WHERE chain = 'avalanche' AND address = '0x5d3a1ff2b6bab83b63cd9ad0787074081a52ef34'), NULL),
  ('ad1a6053-0249-5251-ba3a-9ac9e85e0891', '2a5bfc9b-7d9b-5303-a6e2-018e3b626d48', (SELECT id FROM defi_token WHERE chain = 'avalanche' AND address = '0x211cc4dd073734da055fbf44a2b4667d5e5fe5d2'), NULL),
  ('95ebeb08-5872-5023-bfa9-5da6d383e06b', '2a5bfc9b-7d9b-5303-a6e2-018e3b626d48', (SELECT id FROM defi_token WHERE chain = 'avalanche' AND address = '0x7bfd4ca2a6cf3a3fddd645d10b323031afe47ff0'), NULL),
  ('47e32463-fcc2-579b-8ff3-d8c11a7f3758', '2b94d4b0-22df-5cb5-a337-e5068b4f09cb', (SELECT id FROM defi_token WHERE chain = 'avalanche' AND address = '0xd586e7f844cea2f87f50152665bcbc2c279d8d70'), NULL),
  ('78eba4d1-bfd9-5faf-9e12-231f7c98de50', '2b94d4b0-22df-5cb5-a337-e5068b4f09cb', (SELECT id FROM defi_token WHERE chain = 'avalanche' AND address = '0x5947bb275c521040051d82396192181b413227a3'), NULL),
  ('42564b5b-7c35-53bf-99d0-7e707e51b9e8', '2b94d4b0-22df-5cb5-a337-e5068b4f09cb', (SELECT id FROM defi_token WHERE chain = 'avalanche' AND address = '0xb97ef9ef8734c71904d8002f8b6bc66dd9c48a6e'), NULL),
  ('6ff7ff87-ae1e-52f2-bde9-13a0475a9ae4', '2b94d4b0-22df-5cb5-a337-e5068b4f09cb', (SELECT id FROM defi_token WHERE chain = 'avalanche' AND address = '0x50b7545627a5162f82a992c33b87adc75187b218'), NULL),
  ('535e9842-1ff1-5db3-8492-89c703631a7d', '2b94d4b0-22df-5cb5-a337-e5068b4f09cb', (SELECT id FROM defi_token WHERE chain = 'avalanche' AND address = '0x49d5c2bdffac6ce2bfdb6640f4f80f226bc10bab'), NULL),
  ('f6622797-7c3a-59ad-a256-0c12d838b0c3', '2b94d4b0-22df-5cb5-a337-e5068b4f09cb', (SELECT id FROM defi_token WHERE chain = 'avalanche' AND address = '0x9702230a8ea53601f5cd2dc00fdbc13d4df4a8c7'), NULL),
  ('e388cd74-e02e-5615-b58d-0425188379a9', '2b94d4b0-22df-5cb5-a337-e5068b4f09cb', (SELECT id FROM defi_token WHERE chain = 'avalanche' AND address = '0x2b2c81e08f1af8835a78bb2a90ae924ace0ea4be'), NULL),
  ('8f9260ee-9bc6-5901-85b3-15591152f337', '2b94d4b0-22df-5cb5-a337-e5068b4f09cb', (SELECT id FROM defi_token WHERE chain = 'avalanche' AND address = '0x152b9d0fdc40c096757f570a51e494bd4b943e50'), NULL),
  ('44464da5-c14d-5635-bfdf-ca09a7d175d2', '51611432-c373-5523-9cdb-ae8fa0551269', (SELECT id FROM defi_token WHERE chain = 'avalanche' AND address = '0xd586e7f844cea2f87f50152665bcbc2c279d8d70'), NULL),
  ('103f7b52-8a22-58be-a038-f924c900b1f5', '51611432-c373-5523-9cdb-ae8fa0551269', (SELECT id FROM defi_token WHERE chain = 'avalanche' AND address = '0x5947bb275c521040051d82396192181b413227a3'), NULL),
  ('cb28ba89-a780-5e86-a4e3-1da5e13fb106', '51611432-c373-5523-9cdb-ae8fa0551269', (SELECT id FROM defi_token WHERE chain = 'avalanche' AND address = '0xb97ef9ef8734c71904d8002f8b6bc66dd9c48a6e'), NULL),
  ('3af49c6b-419a-58f2-9568-f81d59d20f83', '51611432-c373-5523-9cdb-ae8fa0551269', (SELECT id FROM defi_token WHERE chain = 'avalanche' AND address = '0x50b7545627a5162f82a992c33b87adc75187b218'), NULL),
  ('1017b167-c89c-5589-8b9c-3bd9ad376198', '51611432-c373-5523-9cdb-ae8fa0551269', (SELECT id FROM defi_token WHERE chain = 'avalanche' AND address = '0x49d5c2bdffac6ce2bfdb6640f4f80f226bc10bab'), NULL),
  ('ba12283d-9b11-5d09-95c8-7d49849bfe53', '51611432-c373-5523-9cdb-ae8fa0551269', (SELECT id FROM defi_token WHERE chain = 'avalanche' AND address = '0x9702230a8ea53601f5cd2dc00fdbc13d4df4a8c7'), NULL),
  ('f642adf7-b6fa-594e-a84e-c9f8eaa77afe', '51611432-c373-5523-9cdb-ae8fa0551269', (SELECT id FROM defi_token WHERE chain = 'avalanche' AND address = '0x2b2c81e08f1af8835a78bb2a90ae924ace0ea4be'), NULL),
  ('49114b3f-6230-50e1-baad-7f80a9b00c39', '51611432-c373-5523-9cdb-ae8fa0551269', (SELECT id FROM defi_token WHERE chain = 'avalanche' AND address = '0x152b9d0fdc40c096757f570a51e494bd4b943e50'), NULL),
  ('a2afde8e-8cb6-5b14-af19-f423968876ed', 'abb3dfb7-d63b-5e8d-ac9f-03a73babcb45', (SELECT id FROM defi_token WHERE chain = 'avalanche' AND address = '0xd586e7f844cea2f87f50152665bcbc2c279d8d70'), (SELECT id FROM defi_token WHERE chain = 'avalanche' AND address = '0xb31f66aa3c1e785363f0875a1b74e27b85fd66c7')),
  ('466a315c-2b41-5d01-b132-5033a35f30ba', 'abb3dfb7-d63b-5e8d-ac9f-03a73babcb45', (SELECT id FROM defi_token WHERE chain = 'avalanche' AND address = '0xb31f66aa3c1e785363f0875a1b74e27b85fd66c7'), (SELECT id FROM defi_token WHERE chain = 'avalanche' AND address = '0xd586e7f844cea2f87f50152665bcbc2c279d8d70')),
  ('64e0c0ea-e7bb-5df1-b57c-ab1be048f672', 'abb3dfb7-d63b-5e8d-ac9f-03a73babcb45', (SELECT id FROM defi_token WHERE chain = 'avalanche' AND address = '0x5947bb275c521040051d82396192181b413227a3'), (SELECT id FROM defi_token WHERE chain = 'avalanche' AND address = '0xb31f66aa3c1e785363f0875a1b74e27b85fd66c7')),
  ('88ced262-afba-5008-a5cd-fd7c9ea8ad52', 'abb3dfb7-d63b-5e8d-ac9f-03a73babcb45', (SELECT id FROM defi_token WHERE chain = 'avalanche' AND address = '0xb31f66aa3c1e785363f0875a1b74e27b85fd66c7'), (SELECT id FROM defi_token WHERE chain = 'avalanche' AND address = '0x5947bb275c521040051d82396192181b413227a3')),
  ('ecd726bc-8de2-5ab3-90c0-d24cf5194c8a', 'abb3dfb7-d63b-5e8d-ac9f-03a73babcb45', (SELECT id FROM defi_token WHERE chain = 'avalanche' AND address = '0xb97ef9ef8734c71904d8002f8b6bc66dd9c48a6e'), (SELECT id FROM defi_token WHERE chain = 'avalanche' AND address = '0xb31f66aa3c1e785363f0875a1b74e27b85fd66c7')),
  ('62bbe878-e0d4-5392-88d9-5c0c7a5487aa', 'abb3dfb7-d63b-5e8d-ac9f-03a73babcb45', (SELECT id FROM defi_token WHERE chain = 'avalanche' AND address = '0xb31f66aa3c1e785363f0875a1b74e27b85fd66c7'), (SELECT id FROM defi_token WHERE chain = 'avalanche' AND address = '0xb97ef9ef8734c71904d8002f8b6bc66dd9c48a6e')),
  ('6553726c-b142-55d4-bee8-9ca51a7f3c65', 'abb3dfb7-d63b-5e8d-ac9f-03a73babcb45', (SELECT id FROM defi_token WHERE chain = 'avalanche' AND address = '0x50b7545627a5162f82a992c33b87adc75187b218'), (SELECT id FROM defi_token WHERE chain = 'avalanche' AND address = '0xb31f66aa3c1e785363f0875a1b74e27b85fd66c7')),
  ('ad27892a-0c5c-5d80-bcf6-fa1461a4fe88', 'abb3dfb7-d63b-5e8d-ac9f-03a73babcb45', (SELECT id FROM defi_token WHERE chain = 'avalanche' AND address = '0xb31f66aa3c1e785363f0875a1b74e27b85fd66c7'), (SELECT id FROM defi_token WHERE chain = 'avalanche' AND address = '0x50b7545627a5162f82a992c33b87adc75187b218')),
  ('d57338b4-2a60-5d82-81bb-46cc75915126', 'abb3dfb7-d63b-5e8d-ac9f-03a73babcb45', (SELECT id FROM defi_token WHERE chain = 'avalanche' AND address = '0x49d5c2bdffac6ce2bfdb6640f4f80f226bc10bab'), (SELECT id FROM defi_token WHERE chain = 'avalanche' AND address = '0xb31f66aa3c1e785363f0875a1b74e27b85fd66c7')),
  ('227e4c96-115b-5e4c-b4b5-d67651f9f2e0', 'abb3dfb7-d63b-5e8d-ac9f-03a73babcb45', (SELECT id FROM defi_token WHERE chain = 'avalanche' AND address = '0xb31f66aa3c1e785363f0875a1b74e27b85fd66c7'), (SELECT id FROM defi_token WHERE chain = 'avalanche' AND address = '0x49d5c2bdffac6ce2bfdb6640f4f80f226bc10bab')),
  ('581a2ce4-2ad5-5af8-a106-586f005ce10b', 'abb3dfb7-d63b-5e8d-ac9f-03a73babcb45', (SELECT id FROM defi_token WHERE chain = 'avalanche' AND address = '0x9702230a8ea53601f5cd2dc00fdbc13d4df4a8c7'), (SELECT id FROM defi_token WHERE chain = 'avalanche' AND address = '0xb31f66aa3c1e785363f0875a1b74e27b85fd66c7')),
  ('695f482f-6f15-51a1-9ebd-55cd8b7e37b9', 'abb3dfb7-d63b-5e8d-ac9f-03a73babcb45', (SELECT id FROM defi_token WHERE chain = 'avalanche' AND address = '0xb31f66aa3c1e785363f0875a1b74e27b85fd66c7'), (SELECT id FROM defi_token WHERE chain = 'avalanche' AND address = '0x9702230a8ea53601f5cd2dc00fdbc13d4df4a8c7')),
  ('5d3488ca-744a-595c-8b1f-09637c775170', 'abb3dfb7-d63b-5e8d-ac9f-03a73babcb45', (SELECT id FROM defi_token WHERE chain = 'avalanche' AND address = '0x63a72806098bd3d9520cc43356dd78afe5d386d9'), (SELECT id FROM defi_token WHERE chain = 'avalanche' AND address = '0xb31f66aa3c1e785363f0875a1b74e27b85fd66c7')),
  ('7c8361a8-91ff-504e-b8b1-9ff52c2a1aa0', 'abb3dfb7-d63b-5e8d-ac9f-03a73babcb45', (SELECT id FROM defi_token WHERE chain = 'avalanche' AND address = '0xb31f66aa3c1e785363f0875a1b74e27b85fd66c7'), (SELECT id FROM defi_token WHERE chain = 'avalanche' AND address = '0x63a72806098bd3d9520cc43356dd78afe5d386d9')),
  ('6d4500f1-30dc-5475-8859-bb94a99da680', 'abb3dfb7-d63b-5e8d-ac9f-03a73babcb45', (SELECT id FROM defi_token WHERE chain = 'avalanche' AND address = '0x2b2c81e08f1af8835a78bb2a90ae924ace0ea4be'), (SELECT id FROM defi_token WHERE chain = 'avalanche' AND address = '0xb31f66aa3c1e785363f0875a1b74e27b85fd66c7')),
  ('77d31628-6176-5bf9-bd94-b5c67154c2f0', 'abb3dfb7-d63b-5e8d-ac9f-03a73babcb45', (SELECT id FROM defi_token WHERE chain = 'avalanche' AND address = '0xb31f66aa3c1e785363f0875a1b74e27b85fd66c7'), (SELECT id FROM defi_token WHERE chain = 'avalanche' AND address = '0x2b2c81e08f1af8835a78bb2a90ae924ace0ea4be')),
  ('9aee6c06-c6be-5773-adbb-b5294a48442d', 'abb3dfb7-d63b-5e8d-ac9f-03a73babcb45', (SELECT id FROM defi_token WHERE chain = 'avalanche' AND address = '0xd24c2ad096400b6fbcd2ad8b24e7acbc21a1da64'), (SELECT id FROM defi_token WHERE chain = 'avalanche' AND address = '0xb31f66aa3c1e785363f0875a1b74e27b85fd66c7')),
  ('4cf41446-cf28-5ed3-9e20-532ab31a3422', 'abb3dfb7-d63b-5e8d-ac9f-03a73babcb45', (SELECT id FROM defi_token WHERE chain = 'avalanche' AND address = '0xb31f66aa3c1e785363f0875a1b74e27b85fd66c7'), (SELECT id FROM defi_token WHERE chain = 'avalanche' AND address = '0xd24c2ad096400b6fbcd2ad8b24e7acbc21a1da64')),
  ('475a609c-22c9-5965-9689-1f722c4ad47c', 'abb3dfb7-d63b-5e8d-ac9f-03a73babcb45', (SELECT id FROM defi_token WHERE chain = 'avalanche' AND address = '0x5c49b268c9841aff1cc3b0a418ff5c3442ee3f3b'), (SELECT id FROM defi_token WHERE chain = 'avalanche' AND address = '0xb31f66aa3c1e785363f0875a1b74e27b85fd66c7')),
  ('e5939d5a-a6a1-502b-b7f1-076f84165ff3', 'abb3dfb7-d63b-5e8d-ac9f-03a73babcb45', (SELECT id FROM defi_token WHERE chain = 'avalanche' AND address = '0xb31f66aa3c1e785363f0875a1b74e27b85fd66c7'), (SELECT id FROM defi_token WHERE chain = 'avalanche' AND address = '0x5c49b268c9841aff1cc3b0a418ff5c3442ee3f3b')),
  ('ccc585ce-a059-51bc-ba0f-9f916e0b1bba', 'abb3dfb7-d63b-5e8d-ac9f-03a73babcb45', (SELECT id FROM defi_token WHERE chain = 'avalanche' AND address = '0x152b9d0fdc40c096757f570a51e494bd4b943e50'), (SELECT id FROM defi_token WHERE chain = 'avalanche' AND address = '0xb31f66aa3c1e785363f0875a1b74e27b85fd66c7')),
  ('e6c696e8-6727-556b-a308-bf79dcbbe9b5', 'abb3dfb7-d63b-5e8d-ac9f-03a73babcb45', (SELECT id FROM defi_token WHERE chain = 'avalanche' AND address = '0xb31f66aa3c1e785363f0875a1b74e27b85fd66c7'), (SELECT id FROM defi_token WHERE chain = 'avalanche' AND address = '0x152b9d0fdc40c096757f570a51e494bd4b943e50')),
  ('2daf67ab-694a-514f-a783-ef2a47c6c10a', 'abb3dfb7-d63b-5e8d-ac9f-03a73babcb45', (SELECT id FROM defi_token WHERE chain = 'avalanche' AND address = '0x00000000efe302beaa2b3e6e1b18d08d69a9012a'), (SELECT id FROM defi_token WHERE chain = 'avalanche' AND address = '0xb31f66aa3c1e785363f0875a1b74e27b85fd66c7')),
  ('a4d6c842-8e92-59fd-ad54-787ec905e1bd', 'abb3dfb7-d63b-5e8d-ac9f-03a73babcb45', (SELECT id FROM defi_token WHERE chain = 'avalanche' AND address = '0xb31f66aa3c1e785363f0875a1b74e27b85fd66c7'), (SELECT id FROM defi_token WHERE chain = 'avalanche' AND address = '0x00000000efe302beaa2b3e6e1b18d08d69a9012a')),
  ('4484c0bf-db86-5a92-bc55-cdfa16584f44', 'abb3dfb7-d63b-5e8d-ac9f-03a73babcb45', (SELECT id FROM defi_token WHERE chain = 'avalanche' AND address = '0xfc421ad3c883bf9e7c4f42de845c4e4405799e73'), (SELECT id FROM defi_token WHERE chain = 'avalanche' AND address = '0xb31f66aa3c1e785363f0875a1b74e27b85fd66c7')),
  ('9d1c294d-d2cb-5b2f-bcdd-e70eb76b811e', 'abb3dfb7-d63b-5e8d-ac9f-03a73babcb45', (SELECT id FROM defi_token WHERE chain = 'avalanche' AND address = '0xb31f66aa3c1e785363f0875a1b74e27b85fd66c7'), (SELECT id FROM defi_token WHERE chain = 'avalanche' AND address = '0xfc421ad3c883bf9e7c4f42de845c4e4405799e73')),
  ('ee0b4848-beef-557d-aa36-f8df1d4c9f7a', 'abb3dfb7-d63b-5e8d-ac9f-03a73babcb45', (SELECT id FROM defi_token WHERE chain = 'avalanche' AND address = '0xc891eb4cbdeff6e073e859e987815ed1505c2acd'), (SELECT id FROM defi_token WHERE chain = 'avalanche' AND address = '0xb31f66aa3c1e785363f0875a1b74e27b85fd66c7')),
  ('d28b1070-52db-530d-b08c-8b516ed2d074', 'abb3dfb7-d63b-5e8d-ac9f-03a73babcb45', (SELECT id FROM defi_token WHERE chain = 'avalanche' AND address = '0xb31f66aa3c1e785363f0875a1b74e27b85fd66c7'), (SELECT id FROM defi_token WHERE chain = 'avalanche' AND address = '0xc891eb4cbdeff6e073e859e987815ed1505c2acd')),
  ('ebbd540d-4ec7-5b6c-bad1-f299305420e9', 'abb3dfb7-d63b-5e8d-ac9f-03a73babcb45', (SELECT id FROM defi_token WHERE chain = 'avalanche' AND address = '0x5d3a1ff2b6bab83b63cd9ad0787074081a52ef34'), (SELECT id FROM defi_token WHERE chain = 'avalanche' AND address = '0xb31f66aa3c1e785363f0875a1b74e27b85fd66c7')),
  ('a8bb08c6-fa8b-5f74-b757-c4f3fefe90a2', 'abb3dfb7-d63b-5e8d-ac9f-03a73babcb45', (SELECT id FROM defi_token WHERE chain = 'avalanche' AND address = '0xb31f66aa3c1e785363f0875a1b74e27b85fd66c7'), (SELECT id FROM defi_token WHERE chain = 'avalanche' AND address = '0x5d3a1ff2b6bab83b63cd9ad0787074081a52ef34')),
  ('071a924e-3a57-5e9e-b2bf-031892d7a983', 'abb3dfb7-d63b-5e8d-ac9f-03a73babcb45', (SELECT id FROM defi_token WHERE chain = 'avalanche' AND address = '0x211cc4dd073734da055fbf44a2b4667d5e5fe5d2'), (SELECT id FROM defi_token WHERE chain = 'avalanche' AND address = '0xb31f66aa3c1e785363f0875a1b74e27b85fd66c7')),
  ('6334d15b-7195-54c0-b8df-7373dedcb953', 'abb3dfb7-d63b-5e8d-ac9f-03a73babcb45', (SELECT id FROM defi_token WHERE chain = 'avalanche' AND address = '0xb31f66aa3c1e785363f0875a1b74e27b85fd66c7'), (SELECT id FROM defi_token WHERE chain = 'avalanche' AND address = '0x211cc4dd073734da055fbf44a2b4667d5e5fe5d2')),
  ('6baa6d0a-4287-5259-8b0e-e5af096641eb', 'abb3dfb7-d63b-5e8d-ac9f-03a73babcb45', (SELECT id FROM defi_token WHERE chain = 'avalanche' AND address = '0x7bfd4ca2a6cf3a3fddd645d10b323031afe47ff0'), (SELECT id FROM defi_token WHERE chain = 'avalanche' AND address = '0xb31f66aa3c1e785363f0875a1b74e27b85fd66c7')),
  ('fab20804-76ee-52fe-8c86-382423c482cc', 'abb3dfb7-d63b-5e8d-ac9f-03a73babcb45', (SELECT id FROM defi_token WHERE chain = 'avalanche' AND address = '0xb31f66aa3c1e785363f0875a1b74e27b85fd66c7'), (SELECT id FROM defi_token WHERE chain = 'avalanche' AND address = '0x7bfd4ca2a6cf3a3fddd645d10b323031afe47ff0')),
  ('544e022d-96e5-5af0-b106-973dcd81b921', 'abb3dfb7-d63b-5e8d-ac9f-03a73babcb45', (SELECT id FROM defi_token WHERE chain = 'avalanche' AND address = '0xd586e7f844cea2f87f50152665bcbc2c279d8d70'), (SELECT id FROM defi_token WHERE chain = 'avalanche' AND address = '0x49d5c2bdffac6ce2bfdb6640f4f80f226bc10bab')),
  ('4155f82a-54ca-5ee9-9d17-7a8f01418393', 'abb3dfb7-d63b-5e8d-ac9f-03a73babcb45', (SELECT id FROM defi_token WHERE chain = 'avalanche' AND address = '0x49d5c2bdffac6ce2bfdb6640f4f80f226bc10bab'), (SELECT id FROM defi_token WHERE chain = 'avalanche' AND address = '0xd586e7f844cea2f87f50152665bcbc2c279d8d70')),
  ('37673524-143a-5ad7-9f76-904fafab7e55', 'abb3dfb7-d63b-5e8d-ac9f-03a73babcb45', (SELECT id FROM defi_token WHERE chain = 'avalanche' AND address = '0x5947bb275c521040051d82396192181b413227a3'), (SELECT id FROM defi_token WHERE chain = 'avalanche' AND address = '0x49d5c2bdffac6ce2bfdb6640f4f80f226bc10bab')),
  ('7229696d-c718-521d-9526-2405fe346e79', 'abb3dfb7-d63b-5e8d-ac9f-03a73babcb45', (SELECT id FROM defi_token WHERE chain = 'avalanche' AND address = '0x49d5c2bdffac6ce2bfdb6640f4f80f226bc10bab'), (SELECT id FROM defi_token WHERE chain = 'avalanche' AND address = '0x5947bb275c521040051d82396192181b413227a3')),
  ('629b5956-4a88-556d-a134-b6afba9058c3', 'abb3dfb7-d63b-5e8d-ac9f-03a73babcb45', (SELECT id FROM defi_token WHERE chain = 'avalanche' AND address = '0xb97ef9ef8734c71904d8002f8b6bc66dd9c48a6e'), (SELECT id FROM defi_token WHERE chain = 'avalanche' AND address = '0x49d5c2bdffac6ce2bfdb6640f4f80f226bc10bab')),
  ('1cf9b018-3778-5329-9418-41df5ff3976d', 'abb3dfb7-d63b-5e8d-ac9f-03a73babcb45', (SELECT id FROM defi_token WHERE chain = 'avalanche' AND address = '0x49d5c2bdffac6ce2bfdb6640f4f80f226bc10bab'), (SELECT id FROM defi_token WHERE chain = 'avalanche' AND address = '0xb97ef9ef8734c71904d8002f8b6bc66dd9c48a6e')),
  ('8e766796-a908-52bb-bc46-378f15dd7741', 'abb3dfb7-d63b-5e8d-ac9f-03a73babcb45', (SELECT id FROM defi_token WHERE chain = 'avalanche' AND address = '0x50b7545627a5162f82a992c33b87adc75187b218'), (SELECT id FROM defi_token WHERE chain = 'avalanche' AND address = '0x49d5c2bdffac6ce2bfdb6640f4f80f226bc10bab')),
  ('b101ab7e-66f7-5673-a9b8-16e58fc26c5f', 'abb3dfb7-d63b-5e8d-ac9f-03a73babcb45', (SELECT id FROM defi_token WHERE chain = 'avalanche' AND address = '0x49d5c2bdffac6ce2bfdb6640f4f80f226bc10bab'), (SELECT id FROM defi_token WHERE chain = 'avalanche' AND address = '0x50b7545627a5162f82a992c33b87adc75187b218')),
  ('fcf73436-384b-5390-a390-9e62fe5dd8b2', 'abb3dfb7-d63b-5e8d-ac9f-03a73babcb45', (SELECT id FROM defi_token WHERE chain = 'avalanche' AND address = '0x9702230a8ea53601f5cd2dc00fdbc13d4df4a8c7'), (SELECT id FROM defi_token WHERE chain = 'avalanche' AND address = '0x49d5c2bdffac6ce2bfdb6640f4f80f226bc10bab')),
  ('31863e11-195b-5725-9aec-f45d0a236e2a', 'abb3dfb7-d63b-5e8d-ac9f-03a73babcb45', (SELECT id FROM defi_token WHERE chain = 'avalanche' AND address = '0x49d5c2bdffac6ce2bfdb6640f4f80f226bc10bab'), (SELECT id FROM defi_token WHERE chain = 'avalanche' AND address = '0x9702230a8ea53601f5cd2dc00fdbc13d4df4a8c7')),
  ('7462b5f8-b7ac-55d3-b30b-c1abc1f2d317', 'abb3dfb7-d63b-5e8d-ac9f-03a73babcb45', (SELECT id FROM defi_token WHERE chain = 'avalanche' AND address = '0x63a72806098bd3d9520cc43356dd78afe5d386d9'), (SELECT id FROM defi_token WHERE chain = 'avalanche' AND address = '0x49d5c2bdffac6ce2bfdb6640f4f80f226bc10bab')),
  ('cd69651a-1d70-50a6-9163-ddb0c4361070', 'abb3dfb7-d63b-5e8d-ac9f-03a73babcb45', (SELECT id FROM defi_token WHERE chain = 'avalanche' AND address = '0x49d5c2bdffac6ce2bfdb6640f4f80f226bc10bab'), (SELECT id FROM defi_token WHERE chain = 'avalanche' AND address = '0x63a72806098bd3d9520cc43356dd78afe5d386d9')),
  ('41dee9a1-9020-5280-a839-3a3c385e2bd0', 'abb3dfb7-d63b-5e8d-ac9f-03a73babcb45', (SELECT id FROM defi_token WHERE chain = 'avalanche' AND address = '0x2b2c81e08f1af8835a78bb2a90ae924ace0ea4be'), (SELECT id FROM defi_token WHERE chain = 'avalanche' AND address = '0x49d5c2bdffac6ce2bfdb6640f4f80f226bc10bab')),
  ('f39c2188-93e4-568c-88d9-10e6bcbdcf54', 'abb3dfb7-d63b-5e8d-ac9f-03a73babcb45', (SELECT id FROM defi_token WHERE chain = 'avalanche' AND address = '0x49d5c2bdffac6ce2bfdb6640f4f80f226bc10bab'), (SELECT id FROM defi_token WHERE chain = 'avalanche' AND address = '0x2b2c81e08f1af8835a78bb2a90ae924ace0ea4be')),
  ('a6b02562-792f-5f2f-a988-6594c5c4cf7d', 'abb3dfb7-d63b-5e8d-ac9f-03a73babcb45', (SELECT id FROM defi_token WHERE chain = 'avalanche' AND address = '0xd24c2ad096400b6fbcd2ad8b24e7acbc21a1da64'), (SELECT id FROM defi_token WHERE chain = 'avalanche' AND address = '0x49d5c2bdffac6ce2bfdb6640f4f80f226bc10bab')),
  ('69bec1cc-44d3-5db7-9e4b-eb109799b411', 'abb3dfb7-d63b-5e8d-ac9f-03a73babcb45', (SELECT id FROM defi_token WHERE chain = 'avalanche' AND address = '0x49d5c2bdffac6ce2bfdb6640f4f80f226bc10bab'), (SELECT id FROM defi_token WHERE chain = 'avalanche' AND address = '0xd24c2ad096400b6fbcd2ad8b24e7acbc21a1da64')),
  ('309b77d9-a908-5f72-9807-e23851513698', 'abb3dfb7-d63b-5e8d-ac9f-03a73babcb45', (SELECT id FROM defi_token WHERE chain = 'avalanche' AND address = '0x5c49b268c9841aff1cc3b0a418ff5c3442ee3f3b'), (SELECT id FROM defi_token WHERE chain = 'avalanche' AND address = '0x49d5c2bdffac6ce2bfdb6640f4f80f226bc10bab')),
  ('a30ec5ae-4e00-50ed-945a-4f5bc4171fca', 'abb3dfb7-d63b-5e8d-ac9f-03a73babcb45', (SELECT id FROM defi_token WHERE chain = 'avalanche' AND address = '0x49d5c2bdffac6ce2bfdb6640f4f80f226bc10bab'), (SELECT id FROM defi_token WHERE chain = 'avalanche' AND address = '0x5c49b268c9841aff1cc3b0a418ff5c3442ee3f3b')),
  ('97980aab-e484-5c56-bce3-74c509107af0', 'abb3dfb7-d63b-5e8d-ac9f-03a73babcb45', (SELECT id FROM defi_token WHERE chain = 'avalanche' AND address = '0x152b9d0fdc40c096757f570a51e494bd4b943e50'), (SELECT id FROM defi_token WHERE chain = 'avalanche' AND address = '0x49d5c2bdffac6ce2bfdb6640f4f80f226bc10bab')),
  ('247cf3e5-57c5-552b-9d12-f193f2dd9720', 'abb3dfb7-d63b-5e8d-ac9f-03a73babcb45', (SELECT id FROM defi_token WHERE chain = 'avalanche' AND address = '0x49d5c2bdffac6ce2bfdb6640f4f80f226bc10bab'), (SELECT id FROM defi_token WHERE chain = 'avalanche' AND address = '0x152b9d0fdc40c096757f570a51e494bd4b943e50')),
  ('b7125e0c-ce0b-593d-84c6-65b923e5bee7', 'abb3dfb7-d63b-5e8d-ac9f-03a73babcb45', (SELECT id FROM defi_token WHERE chain = 'avalanche' AND address = '0x00000000efe302beaa2b3e6e1b18d08d69a9012a'), (SELECT id FROM defi_token WHERE chain = 'avalanche' AND address = '0x49d5c2bdffac6ce2bfdb6640f4f80f226bc10bab')),
  ('f439001b-bfe6-506c-bd1d-6e9b8ad6fb46', 'abb3dfb7-d63b-5e8d-ac9f-03a73babcb45', (SELECT id FROM defi_token WHERE chain = 'avalanche' AND address = '0x49d5c2bdffac6ce2bfdb6640f4f80f226bc10bab'), (SELECT id FROM defi_token WHERE chain = 'avalanche' AND address = '0x00000000efe302beaa2b3e6e1b18d08d69a9012a')),
  ('3111b91b-e4f0-51e9-a97c-706a848b0c97', 'abb3dfb7-d63b-5e8d-ac9f-03a73babcb45', (SELECT id FROM defi_token WHERE chain = 'avalanche' AND address = '0xfc421ad3c883bf9e7c4f42de845c4e4405799e73'), (SELECT id FROM defi_token WHERE chain = 'avalanche' AND address = '0x49d5c2bdffac6ce2bfdb6640f4f80f226bc10bab')),
  ('592a62ee-9f6c-594f-9e5f-40dd0f9d792f', 'abb3dfb7-d63b-5e8d-ac9f-03a73babcb45', (SELECT id FROM defi_token WHERE chain = 'avalanche' AND address = '0x49d5c2bdffac6ce2bfdb6640f4f80f226bc10bab'), (SELECT id FROM defi_token WHERE chain = 'avalanche' AND address = '0xfc421ad3c883bf9e7c4f42de845c4e4405799e73')),
  ('26a01d21-4ee1-52c1-8647-d5655144e54f', 'abb3dfb7-d63b-5e8d-ac9f-03a73babcb45', (SELECT id FROM defi_token WHERE chain = 'avalanche' AND address = '0xc891eb4cbdeff6e073e859e987815ed1505c2acd'), (SELECT id FROM defi_token WHERE chain = 'avalanche' AND address = '0x49d5c2bdffac6ce2bfdb6640f4f80f226bc10bab')),
  ('41dd16c7-db48-5b5f-98fe-5dcd5b5e8b9e', 'abb3dfb7-d63b-5e8d-ac9f-03a73babcb45', (SELECT id FROM defi_token WHERE chain = 'avalanche' AND address = '0x49d5c2bdffac6ce2bfdb6640f4f80f226bc10bab'), (SELECT id FROM defi_token WHERE chain = 'avalanche' AND address = '0xc891eb4cbdeff6e073e859e987815ed1505c2acd')),
  ('659a53bd-5fb4-51e1-a401-02199c9db7f3', 'abb3dfb7-d63b-5e8d-ac9f-03a73babcb45', (SELECT id FROM defi_token WHERE chain = 'avalanche' AND address = '0x5d3a1ff2b6bab83b63cd9ad0787074081a52ef34'), (SELECT id FROM defi_token WHERE chain = 'avalanche' AND address = '0x49d5c2bdffac6ce2bfdb6640f4f80f226bc10bab')),
  ('6b61ab0f-8bfd-5a12-9b4a-6b03c68b3735', 'abb3dfb7-d63b-5e8d-ac9f-03a73babcb45', (SELECT id FROM defi_token WHERE chain = 'avalanche' AND address = '0x49d5c2bdffac6ce2bfdb6640f4f80f226bc10bab'), (SELECT id FROM defi_token WHERE chain = 'avalanche' AND address = '0x5d3a1ff2b6bab83b63cd9ad0787074081a52ef34')),
  ('758d5ccb-fa9b-5a2f-a41f-07a4ae6cec63', 'abb3dfb7-d63b-5e8d-ac9f-03a73babcb45', (SELECT id FROM defi_token WHERE chain = 'avalanche' AND address = '0x211cc4dd073734da055fbf44a2b4667d5e5fe5d2'), (SELECT id FROM defi_token WHERE chain = 'avalanche' AND address = '0x49d5c2bdffac6ce2bfdb6640f4f80f226bc10bab')),
  ('04e0da7e-6ada-5cc8-a4c9-cb10f05688c4', 'abb3dfb7-d63b-5e8d-ac9f-03a73babcb45', (SELECT id FROM defi_token WHERE chain = 'avalanche' AND address = '0x49d5c2bdffac6ce2bfdb6640f4f80f226bc10bab'), (SELECT id FROM defi_token WHERE chain = 'avalanche' AND address = '0x211cc4dd073734da055fbf44a2b4667d5e5fe5d2')),
  ('93c7016a-54fc-5892-a57d-0a92c3764738', 'abb3dfb7-d63b-5e8d-ac9f-03a73babcb45', (SELECT id FROM defi_token WHERE chain = 'avalanche' AND address = '0x7bfd4ca2a6cf3a3fddd645d10b323031afe47ff0'), (SELECT id FROM defi_token WHERE chain = 'avalanche' AND address = '0x49d5c2bdffac6ce2bfdb6640f4f80f226bc10bab')),
  ('ebcb6c29-c70a-5cc7-9641-ca13dc9bfc72', 'abb3dfb7-d63b-5e8d-ac9f-03a73babcb45', (SELECT id FROM defi_token WHERE chain = 'avalanche' AND address = '0x49d5c2bdffac6ce2bfdb6640f4f80f226bc10bab'), (SELECT id FROM defi_token WHERE chain = 'avalanche' AND address = '0x7bfd4ca2a6cf3a3fddd645d10b323031afe47ff0')),
  ('92d3b74c-c264-5731-8a05-08db3267fbf7', 'abb3dfb7-d63b-5e8d-ac9f-03a73babcb45', (SELECT id FROM defi_token WHERE chain = 'avalanche' AND address = '0xd586e7f844cea2f87f50152665bcbc2c279d8d70'), (SELECT id FROM defi_token WHERE chain = 'avalanche' AND address = '0xb97ef9ef8734c71904d8002f8b6bc66dd9c48a6e')),
  ('44575d3c-2ec2-5706-8ec4-ab0d38924c85', 'abb3dfb7-d63b-5e8d-ac9f-03a73babcb45', (SELECT id FROM defi_token WHERE chain = 'avalanche' AND address = '0xb97ef9ef8734c71904d8002f8b6bc66dd9c48a6e'), (SELECT id FROM defi_token WHERE chain = 'avalanche' AND address = '0xd586e7f844cea2f87f50152665bcbc2c279d8d70')),
  ('7f451a8b-3226-5ef4-9744-7fd46ffd3911', 'abb3dfb7-d63b-5e8d-ac9f-03a73babcb45', (SELECT id FROM defi_token WHERE chain = 'avalanche' AND address = '0x5947bb275c521040051d82396192181b413227a3'), (SELECT id FROM defi_token WHERE chain = 'avalanche' AND address = '0xb97ef9ef8734c71904d8002f8b6bc66dd9c48a6e')),
  ('6f032098-a4d9-5385-962d-2b97b71c28df', 'abb3dfb7-d63b-5e8d-ac9f-03a73babcb45', (SELECT id FROM defi_token WHERE chain = 'avalanche' AND address = '0xb97ef9ef8734c71904d8002f8b6bc66dd9c48a6e'), (SELECT id FROM defi_token WHERE chain = 'avalanche' AND address = '0x5947bb275c521040051d82396192181b413227a3')),
  ('795a4a80-15cc-5af0-88a4-a13d9c035f06', 'abb3dfb7-d63b-5e8d-ac9f-03a73babcb45', (SELECT id FROM defi_token WHERE chain = 'avalanche' AND address = '0x50b7545627a5162f82a992c33b87adc75187b218'), (SELECT id FROM defi_token WHERE chain = 'avalanche' AND address = '0xb97ef9ef8734c71904d8002f8b6bc66dd9c48a6e')),
  ('79f4a92d-420c-55e5-97a0-783851757044', 'abb3dfb7-d63b-5e8d-ac9f-03a73babcb45', (SELECT id FROM defi_token WHERE chain = 'avalanche' AND address = '0xb97ef9ef8734c71904d8002f8b6bc66dd9c48a6e'), (SELECT id FROM defi_token WHERE chain = 'avalanche' AND address = '0x50b7545627a5162f82a992c33b87adc75187b218')),
  ('c2b28abf-0349-5726-8a19-7388a044c895', 'abb3dfb7-d63b-5e8d-ac9f-03a73babcb45', (SELECT id FROM defi_token WHERE chain = 'avalanche' AND address = '0x9702230a8ea53601f5cd2dc00fdbc13d4df4a8c7'), (SELECT id FROM defi_token WHERE chain = 'avalanche' AND address = '0xb97ef9ef8734c71904d8002f8b6bc66dd9c48a6e')),
  ('00dca595-539f-511c-b565-93fc0bdf17b5', 'abb3dfb7-d63b-5e8d-ac9f-03a73babcb45', (SELECT id FROM defi_token WHERE chain = 'avalanche' AND address = '0xb97ef9ef8734c71904d8002f8b6bc66dd9c48a6e'), (SELECT id FROM defi_token WHERE chain = 'avalanche' AND address = '0x9702230a8ea53601f5cd2dc00fdbc13d4df4a8c7')),
  ('d34951fa-97fc-526c-b19e-678290aa7ddf', 'abb3dfb7-d63b-5e8d-ac9f-03a73babcb45', (SELECT id FROM defi_token WHERE chain = 'avalanche' AND address = '0x63a72806098bd3d9520cc43356dd78afe5d386d9'), (SELECT id FROM defi_token WHERE chain = 'avalanche' AND address = '0xb97ef9ef8734c71904d8002f8b6bc66dd9c48a6e')),
  ('9814ecaa-0884-515c-b3b6-dc83fcc5bc5c', 'abb3dfb7-d63b-5e8d-ac9f-03a73babcb45', (SELECT id FROM defi_token WHERE chain = 'avalanche' AND address = '0xb97ef9ef8734c71904d8002f8b6bc66dd9c48a6e'), (SELECT id FROM defi_token WHERE chain = 'avalanche' AND address = '0x63a72806098bd3d9520cc43356dd78afe5d386d9')),
  ('f1d8e203-bc2d-5636-9858-1bde5498490d', 'abb3dfb7-d63b-5e8d-ac9f-03a73babcb45', (SELECT id FROM defi_token WHERE chain = 'avalanche' AND address = '0x2b2c81e08f1af8835a78bb2a90ae924ace0ea4be'), (SELECT id FROM defi_token WHERE chain = 'avalanche' AND address = '0xb97ef9ef8734c71904d8002f8b6bc66dd9c48a6e')),
  ('12cbdd2f-461e-5d0d-ace6-e5aea68ee207', 'abb3dfb7-d63b-5e8d-ac9f-03a73babcb45', (SELECT id FROM defi_token WHERE chain = 'avalanche' AND address = '0xb97ef9ef8734c71904d8002f8b6bc66dd9c48a6e'), (SELECT id FROM defi_token WHERE chain = 'avalanche' AND address = '0x2b2c81e08f1af8835a78bb2a90ae924ace0ea4be')),
  ('fb63849b-7741-5290-91a2-cf4eb62240bd', 'abb3dfb7-d63b-5e8d-ac9f-03a73babcb45', (SELECT id FROM defi_token WHERE chain = 'avalanche' AND address = '0xd24c2ad096400b6fbcd2ad8b24e7acbc21a1da64'), (SELECT id FROM defi_token WHERE chain = 'avalanche' AND address = '0xb97ef9ef8734c71904d8002f8b6bc66dd9c48a6e')),
  ('ab7e6592-b096-58f7-b55f-0dbd2b4f7ae8', 'abb3dfb7-d63b-5e8d-ac9f-03a73babcb45', (SELECT id FROM defi_token WHERE chain = 'avalanche' AND address = '0xb97ef9ef8734c71904d8002f8b6bc66dd9c48a6e'), (SELECT id FROM defi_token WHERE chain = 'avalanche' AND address = '0xd24c2ad096400b6fbcd2ad8b24e7acbc21a1da64')),
  ('beb2298a-7529-52f9-aad1-03f0d7e04e11', 'abb3dfb7-d63b-5e8d-ac9f-03a73babcb45', (SELECT id FROM defi_token WHERE chain = 'avalanche' AND address = '0x5c49b268c9841aff1cc3b0a418ff5c3442ee3f3b'), (SELECT id FROM defi_token WHERE chain = 'avalanche' AND address = '0xb97ef9ef8734c71904d8002f8b6bc66dd9c48a6e')),
  ('dd81340d-0aef-5368-bde7-34268b269665', 'abb3dfb7-d63b-5e8d-ac9f-03a73babcb45', (SELECT id FROM defi_token WHERE chain = 'avalanche' AND address = '0xb97ef9ef8734c71904d8002f8b6bc66dd9c48a6e'), (SELECT id FROM defi_token WHERE chain = 'avalanche' AND address = '0x5c49b268c9841aff1cc3b0a418ff5c3442ee3f3b')),
  ('01d2695c-3fba-50cf-a1d5-5d6780485ca7', 'abb3dfb7-d63b-5e8d-ac9f-03a73babcb45', (SELECT id FROM defi_token WHERE chain = 'avalanche' AND address = '0x152b9d0fdc40c096757f570a51e494bd4b943e50'), (SELECT id FROM defi_token WHERE chain = 'avalanche' AND address = '0xb97ef9ef8734c71904d8002f8b6bc66dd9c48a6e')),
  ('f296b9a9-4570-55e4-868e-6b9886272e87', 'abb3dfb7-d63b-5e8d-ac9f-03a73babcb45', (SELECT id FROM defi_token WHERE chain = 'avalanche' AND address = '0xb97ef9ef8734c71904d8002f8b6bc66dd9c48a6e'), (SELECT id FROM defi_token WHERE chain = 'avalanche' AND address = '0x152b9d0fdc40c096757f570a51e494bd4b943e50')),
  ('7eb9630e-0d5e-5fb2-8773-6a4787bcc436', 'abb3dfb7-d63b-5e8d-ac9f-03a73babcb45', (SELECT id FROM defi_token WHERE chain = 'avalanche' AND address = '0x00000000efe302beaa2b3e6e1b18d08d69a9012a'), (SELECT id FROM defi_token WHERE chain = 'avalanche' AND address = '0xb97ef9ef8734c71904d8002f8b6bc66dd9c48a6e')),
  ('aec8c8c9-d323-5ecd-bd79-220e19b2dbcd', 'abb3dfb7-d63b-5e8d-ac9f-03a73babcb45', (SELECT id FROM defi_token WHERE chain = 'avalanche' AND address = '0xb97ef9ef8734c71904d8002f8b6bc66dd9c48a6e'), (SELECT id FROM defi_token WHERE chain = 'avalanche' AND address = '0x00000000efe302beaa2b3e6e1b18d08d69a9012a')),
  ('f06c1cda-7536-520f-afcd-f5b5f88281ba', 'abb3dfb7-d63b-5e8d-ac9f-03a73babcb45', (SELECT id FROM defi_token WHERE chain = 'avalanche' AND address = '0xfc421ad3c883bf9e7c4f42de845c4e4405799e73'), (SELECT id FROM defi_token WHERE chain = 'avalanche' AND address = '0xb97ef9ef8734c71904d8002f8b6bc66dd9c48a6e')),
  ('e729c85b-8b83-5629-bf53-aa1110af14a3', 'abb3dfb7-d63b-5e8d-ac9f-03a73babcb45', (SELECT id FROM defi_token WHERE chain = 'avalanche' AND address = '0xb97ef9ef8734c71904d8002f8b6bc66dd9c48a6e'), (SELECT id FROM defi_token WHERE chain = 'avalanche' AND address = '0xfc421ad3c883bf9e7c4f42de845c4e4405799e73')),
  ('dfb17fa4-6578-52fb-a9dc-0b9ec4c81da4', 'abb3dfb7-d63b-5e8d-ac9f-03a73babcb45', (SELECT id FROM defi_token WHERE chain = 'avalanche' AND address = '0xc891eb4cbdeff6e073e859e987815ed1505c2acd'), (SELECT id FROM defi_token WHERE chain = 'avalanche' AND address = '0xb97ef9ef8734c71904d8002f8b6bc66dd9c48a6e')),
  ('21209950-2b2d-5d45-a738-04a726b063d1', 'abb3dfb7-d63b-5e8d-ac9f-03a73babcb45', (SELECT id FROM defi_token WHERE chain = 'avalanche' AND address = '0xb97ef9ef8734c71904d8002f8b6bc66dd9c48a6e'), (SELECT id FROM defi_token WHERE chain = 'avalanche' AND address = '0xc891eb4cbdeff6e073e859e987815ed1505c2acd')),
  ('fa4347c6-1436-5cf5-b028-0b2a168b9a2c', 'abb3dfb7-d63b-5e8d-ac9f-03a73babcb45', (SELECT id FROM defi_token WHERE chain = 'avalanche' AND address = '0x5d3a1ff2b6bab83b63cd9ad0787074081a52ef34'), (SELECT id FROM defi_token WHERE chain = 'avalanche' AND address = '0xb97ef9ef8734c71904d8002f8b6bc66dd9c48a6e')),
  ('c76e61b1-7e5c-5385-889a-9fc0845feaa1', 'abb3dfb7-d63b-5e8d-ac9f-03a73babcb45', (SELECT id FROM defi_token WHERE chain = 'avalanche' AND address = '0xb97ef9ef8734c71904d8002f8b6bc66dd9c48a6e'), (SELECT id FROM defi_token WHERE chain = 'avalanche' AND address = '0x5d3a1ff2b6bab83b63cd9ad0787074081a52ef34')),
  ('86e17465-0790-5587-8a87-f328ca458b39', 'abb3dfb7-d63b-5e8d-ac9f-03a73babcb45', (SELECT id FROM defi_token WHERE chain = 'avalanche' AND address = '0x211cc4dd073734da055fbf44a2b4667d5e5fe5d2'), (SELECT id FROM defi_token WHERE chain = 'avalanche' AND address = '0xb97ef9ef8734c71904d8002f8b6bc66dd9c48a6e')),
  ('2c81c8da-e60f-5a21-b9c9-5ba35a915bcf', 'abb3dfb7-d63b-5e8d-ac9f-03a73babcb45', (SELECT id FROM defi_token WHERE chain = 'avalanche' AND address = '0xb97ef9ef8734c71904d8002f8b6bc66dd9c48a6e'), (SELECT id FROM defi_token WHERE chain = 'avalanche' AND address = '0x211cc4dd073734da055fbf44a2b4667d5e5fe5d2')),
  ('da549d8d-15d1-549d-9db9-495858363c87', 'abb3dfb7-d63b-5e8d-ac9f-03a73babcb45', (SELECT id FROM defi_token WHERE chain = 'avalanche' AND address = '0x7bfd4ca2a6cf3a3fddd645d10b323031afe47ff0'), (SELECT id FROM defi_token WHERE chain = 'avalanche' AND address = '0xb97ef9ef8734c71904d8002f8b6bc66dd9c48a6e')),
  ('23bfaa33-8736-5acd-894f-813c50845beb', 'abb3dfb7-d63b-5e8d-ac9f-03a73babcb45', (SELECT id FROM defi_token WHERE chain = 'avalanche' AND address = '0xb97ef9ef8734c71904d8002f8b6bc66dd9c48a6e'), (SELECT id FROM defi_token WHERE chain = 'avalanche' AND address = '0x7bfd4ca2a6cf3a3fddd645d10b323031afe47ff0'))
ON CONFLICT (id) DO UPDATE SET
  action_id = EXCLUDED.action_id, token_in_id = EXCLUDED.token_in_id,
  token_out_id = EXCLUDED.token_out_id;
