-- GENERATED FILE — do not edit by hand.
-- Source: scripts/generate-module-seed.mjs (token addresses from @bgd-labs/aave-address-book)
-- Regenerate: node scripts/generate-module-seed.mjs
-- Requires 0001-defi-token.sql to have been applied: pairs resolve token ids by
-- (chain, address) subselect.
--
-- Ids are deterministic (uuid v5), so re-running updates rows in place.

INSERT INTO defi_modules (id, name, protocol, category, icon_url, description, website_url, is_active, chain, chain_id) VALUES
  ('23d0779a-ab0a-542d-9a8f-077945770c73', 'Aave V3 (avalanche)', 'AAVE', 'LENDING', '/icons/agents/aave.png', 'Supply collateral and borrow against it on Aave v3.', 'https://aave.com', true, 'avalanche', 43114),
  ('5d1c4df0-5955-5673-9be1-8312d6dd7b07', 'Benqi (avalanche)', 'BENQI', 'LENDING', '/icons/agents/benqi.png', 'Supply collateral and borrow against it on Benqi, the native Avalanche money market.', 'https://benqi.fi', true, 'avalanche', 43114),
  ('93853910-fd98-5506-9f66-d468b93092a0', 'Trader Joe (avalanche)', 'TRADER_JOE', 'DEX', '/icons/agents/trader-joe.png', 'Swap tokens through Trader Joe (LFJ) Liquidity Book v2.2.', 'https://lfj.gg', true, 'avalanche', 43114)
ON CONFLICT (id) DO UPDATE SET
  name = EXCLUDED.name, protocol = EXCLUDED.protocol, category = EXCLUDED.category,
  icon_url = EXCLUDED.icon_url, description = EXCLUDED.description,
  website_url = EXCLUDED.website_url, is_active = EXCLUDED.is_active,
  chain = EXCLUDED.chain, chain_id = EXCLUDED.chain_id;

INSERT INTO defi_module_actions (id, module_id, name, pallet, call, description, param_schema, risk_level, is_active) VALUES
  ('b24184b5-5a31-5b4f-a240-32d1b502df98', '23d0779a-ab0a-542d-9a8f-077945770c73', 'Supply', NULL, NULL, 'Deposit a token as collateral.', '{"amount":{"type":"number","required":true},"tokenIn":{"type":"address","required":true}}'::jsonb, 'LOW', true),
  ('2a5bfc9b-7d9b-5303-a6e2-018e3b626d48', '23d0779a-ab0a-542d-9a8f-077945770c73', 'Borrow', NULL, NULL, 'Borrow a token against supplied collateral.', '{"amount":{"type":"number","required":true},"tokenIn":{"type":"address","required":true}}'::jsonb, 'MEDIUM', true),
  ('2b94d4b0-22df-5cb5-a337-e5068b4f09cb', '5d1c4df0-5955-5673-9be1-8312d6dd7b07', 'Supply', NULL, NULL, 'Deposit a token as collateral.', '{"amount":{"type":"number","required":true},"tokenIn":{"type":"address","required":true}}'::jsonb, 'LOW', true),
  ('51611432-c373-5523-9cdb-ae8fa0551269', '5d1c4df0-5955-5673-9be1-8312d6dd7b07', 'Borrow', NULL, NULL, 'Borrow a token against supplied collateral.', '{"amount":{"type":"number","required":true},"tokenIn":{"type":"address","required":true}}'::jsonb, 'MEDIUM', true),
  ('abb3dfb7-d63b-5e8d-ac9f-03a73babcb45', '93853910-fd98-5506-9f66-d468b93092a0', 'Swap', NULL, NULL, 'Swap one token for another.', '{"amount":{"type":"number","required":true},"tokenIn":{"type":"address","required":true},"tokenOut":{"type":"address","required":true}}'::jsonb, 'LOW', true)
ON CONFLICT (id) DO UPDATE SET
  module_id = EXCLUDED.module_id, name = EXCLUDED.name, description = EXCLUDED.description,
  param_schema = EXCLUDED.param_schema, risk_level = EXCLUDED.risk_level,
  is_active = EXCLUDED.is_active;

INSERT INTO defi_pairs (id, action_id, token_in_id, token_out_id) VALUES
  ('bcbce474-e4e6-5369-bd41-4f8287c1fae1', 'b24184b5-5a31-5b4f-a240-32d1b502df98', (SELECT id FROM defi_token WHERE chain = 'avalanche' AND address = '0xd586e7f844cea2f87f50152665bcbc2c279d8d70'), NULL),
  ('2e8731ae-3351-508e-93a8-611c214d5580', 'b24184b5-5a31-5b4f-a240-32d1b502df98', (SELECT id FROM defi_token WHERE chain = 'avalanche' AND address = '0x5947bb275c521040051d82396192181b413227a3'), NULL),
  ('a07b1a7f-998d-56d3-83fa-e675d7df2c21', 'b24184b5-5a31-5b4f-a240-32d1b502df98', (SELECT id FROM defi_token WHERE chain = 'avalanche' AND address = '0xb97ef9ef8734c71904d8002f8b6bc66dd9c48a6e'), NULL),
  ('452dc2af-1168-5453-acb1-d7818494d477', 'b24184b5-5a31-5b4f-a240-32d1b502df98', (SELECT id FROM defi_token WHERE chain = 'avalanche' AND address = '0x50b7545627a5162f82a992c33b87adc75187b218'), NULL),
  ('b1890b0e-92ba-508a-9785-ef90a69ee75b', 'b24184b5-5a31-5b4f-a240-32d1b502df98', (SELECT id FROM defi_token WHERE chain = 'avalanche' AND address = '0x49d5c2bdffac6ce2bfdb6640f4f80f226bc10bab'), NULL),
  ('3a0f3ad4-8ecf-5101-9c36-338acd693734', 'b24184b5-5a31-5b4f-a240-32d1b502df98', (SELECT id FROM defi_token WHERE chain = 'avalanche' AND address = '0x9702230a8ea53601f5cd2dc00fdbc13d4df4a8c7'), NULL),
  ('97aef055-03b1-56e9-ac04-3d4543c97dc3', 'b24184b5-5a31-5b4f-a240-32d1b502df98', (SELECT id FROM defi_token WHERE chain = 'avalanche' AND address = '0x63a72806098bd3d9520cc43356dd78afe5d386d9'), NULL),
  ('ffa47eed-29be-5b97-a310-dbf9d3841c01', 'b24184b5-5a31-5b4f-a240-32d1b502df98', (SELECT id FROM defi_token WHERE chain = 'avalanche' AND address = '0xb31f66aa3c1e785363f0875a1b74e27b85fd66c7'), NULL),
  ('096c2dbf-b6dd-50b1-a6f4-91b04db4aafa', 'b24184b5-5a31-5b4f-a240-32d1b502df98', (SELECT id FROM defi_token WHERE chain = 'avalanche' AND address = '0x2b2c81e08f1af8835a78bb2a90ae924ace0ea4be'), NULL),
  ('f4d125a1-4da5-53b6-b583-4626eef1d0a5', 'b24184b5-5a31-5b4f-a240-32d1b502df98', (SELECT id FROM defi_token WHERE chain = 'avalanche' AND address = '0xd24c2ad096400b6fbcd2ad8b24e7acbc21a1da64'), NULL),
  ('f5a210ff-3134-541f-99c0-3bde86be9c3a', 'b24184b5-5a31-5b4f-a240-32d1b502df98', (SELECT id FROM defi_token WHERE chain = 'avalanche' AND address = '0x5c49b268c9841aff1cc3b0a418ff5c3442ee3f3b'), NULL),
  ('8e792430-9442-570a-ad83-0662193b84dd', 'b24184b5-5a31-5b4f-a240-32d1b502df98', (SELECT id FROM defi_token WHERE chain = 'avalanche' AND address = '0x152b9d0fdc40c096757f570a51e494bd4b943e50'), NULL),
  ('8b53e08e-492f-5910-b9a8-57bdf63080dc', 'b24184b5-5a31-5b4f-a240-32d1b502df98', (SELECT id FROM defi_token WHERE chain = 'avalanche' AND address = '0x00000000efe302beaa2b3e6e1b18d08d69a9012a'), NULL),
  ('12467c38-ad89-57b6-a2f5-596f7a726804', 'b24184b5-5a31-5b4f-a240-32d1b502df98', (SELECT id FROM defi_token WHERE chain = 'avalanche' AND address = '0xfc421ad3c883bf9e7c4f42de845c4e4405799e73'), NULL),
  ('104d34b7-4a63-50ea-958b-88edb04454d7', 'b24184b5-5a31-5b4f-a240-32d1b502df98', (SELECT id FROM defi_token WHERE chain = 'avalanche' AND address = '0xc891eb4cbdeff6e073e859e987815ed1505c2acd'), NULL),
  ('21eb7c45-8341-52ec-bf58-eba67beb7a81', 'b24184b5-5a31-5b4f-a240-32d1b502df98', (SELECT id FROM defi_token WHERE chain = 'avalanche' AND address = '0x5d3a1ff2b6bab83b63cd9ad0787074081a52ef34'), NULL),
  ('aef29521-5c7c-5431-89b3-0c5338200825', 'b24184b5-5a31-5b4f-a240-32d1b502df98', (SELECT id FROM defi_token WHERE chain = 'avalanche' AND address = '0x211cc4dd073734da055fbf44a2b4667d5e5fe5d2'), NULL),
  ('ae7971c2-7f8d-514a-8ef5-6e9e44c47000', 'b24184b5-5a31-5b4f-a240-32d1b502df98', (SELECT id FROM defi_token WHERE chain = 'avalanche' AND address = '0x7bfd4ca2a6cf3a3fddd645d10b323031afe47ff0'), NULL),
  ('4ae3dad5-886f-506e-a0d5-0d501269d6fd', '2a5bfc9b-7d9b-5303-a6e2-018e3b626d48', (SELECT id FROM defi_token WHERE chain = 'avalanche' AND address = '0xd586e7f844cea2f87f50152665bcbc2c279d8d70'), (SELECT id FROM defi_token WHERE chain = 'avalanche' AND address = '0x5947bb275c521040051d82396192181b413227a3')),
  ('9c875165-03d3-5c13-a996-3ed7d983beb6', '2a5bfc9b-7d9b-5303-a6e2-018e3b626d48', (SELECT id FROM defi_token WHERE chain = 'avalanche' AND address = '0xd586e7f844cea2f87f50152665bcbc2c279d8d70'), (SELECT id FROM defi_token WHERE chain = 'avalanche' AND address = '0xb97ef9ef8734c71904d8002f8b6bc66dd9c48a6e')),
  ('1473b5f8-b337-52cf-8e82-4d728ffb52a0', '2a5bfc9b-7d9b-5303-a6e2-018e3b626d48', (SELECT id FROM defi_token WHERE chain = 'avalanche' AND address = '0xd586e7f844cea2f87f50152665bcbc2c279d8d70'), (SELECT id FROM defi_token WHERE chain = 'avalanche' AND address = '0x50b7545627a5162f82a992c33b87adc75187b218')),
  ('a4252daf-4cbb-5910-b5d4-ab281ffc9475', '2a5bfc9b-7d9b-5303-a6e2-018e3b626d48', (SELECT id FROM defi_token WHERE chain = 'avalanche' AND address = '0xd586e7f844cea2f87f50152665bcbc2c279d8d70'), (SELECT id FROM defi_token WHERE chain = 'avalanche' AND address = '0x49d5c2bdffac6ce2bfdb6640f4f80f226bc10bab')),
  ('d6d44801-0ce4-507f-ac77-1e10851e7513', '2a5bfc9b-7d9b-5303-a6e2-018e3b626d48', (SELECT id FROM defi_token WHERE chain = 'avalanche' AND address = '0xd586e7f844cea2f87f50152665bcbc2c279d8d70'), (SELECT id FROM defi_token WHERE chain = 'avalanche' AND address = '0x9702230a8ea53601f5cd2dc00fdbc13d4df4a8c7')),
  ('f4b6ac35-4cfb-5f37-879b-4f41eda66208', '2a5bfc9b-7d9b-5303-a6e2-018e3b626d48', (SELECT id FROM defi_token WHERE chain = 'avalanche' AND address = '0xd586e7f844cea2f87f50152665bcbc2c279d8d70'), (SELECT id FROM defi_token WHERE chain = 'avalanche' AND address = '0x63a72806098bd3d9520cc43356dd78afe5d386d9')),
  ('095a267e-4584-5153-a65a-ed83a397d607', '2a5bfc9b-7d9b-5303-a6e2-018e3b626d48', (SELECT id FROM defi_token WHERE chain = 'avalanche' AND address = '0xd586e7f844cea2f87f50152665bcbc2c279d8d70'), (SELECT id FROM defi_token WHERE chain = 'avalanche' AND address = '0xb31f66aa3c1e785363f0875a1b74e27b85fd66c7')),
  ('574a953d-b41e-524d-9069-f507e6c4c6e6', '2a5bfc9b-7d9b-5303-a6e2-018e3b626d48', (SELECT id FROM defi_token WHERE chain = 'avalanche' AND address = '0xd586e7f844cea2f87f50152665bcbc2c279d8d70'), (SELECT id FROM defi_token WHERE chain = 'avalanche' AND address = '0x2b2c81e08f1af8835a78bb2a90ae924ace0ea4be')),
  ('894bd7f3-fd5a-563b-a7d7-0f9d71a0ecc2', '2a5bfc9b-7d9b-5303-a6e2-018e3b626d48', (SELECT id FROM defi_token WHERE chain = 'avalanche' AND address = '0xd586e7f844cea2f87f50152665bcbc2c279d8d70'), (SELECT id FROM defi_token WHERE chain = 'avalanche' AND address = '0xd24c2ad096400b6fbcd2ad8b24e7acbc21a1da64')),
  ('954b6d44-7aeb-51ff-b4e1-ca37a7975474', '2a5bfc9b-7d9b-5303-a6e2-018e3b626d48', (SELECT id FROM defi_token WHERE chain = 'avalanche' AND address = '0xd586e7f844cea2f87f50152665bcbc2c279d8d70'), (SELECT id FROM defi_token WHERE chain = 'avalanche' AND address = '0x5c49b268c9841aff1cc3b0a418ff5c3442ee3f3b')),
  ('e28f719f-959e-51b8-bb04-9287457bea4a', '2a5bfc9b-7d9b-5303-a6e2-018e3b626d48', (SELECT id FROM defi_token WHERE chain = 'avalanche' AND address = '0xd586e7f844cea2f87f50152665bcbc2c279d8d70'), (SELECT id FROM defi_token WHERE chain = 'avalanche' AND address = '0x152b9d0fdc40c096757f570a51e494bd4b943e50')),
  ('3eee80d0-7a7a-5b3f-b513-b1645c05c1a5', '2a5bfc9b-7d9b-5303-a6e2-018e3b626d48', (SELECT id FROM defi_token WHERE chain = 'avalanche' AND address = '0xd586e7f844cea2f87f50152665bcbc2c279d8d70'), (SELECT id FROM defi_token WHERE chain = 'avalanche' AND address = '0x00000000efe302beaa2b3e6e1b18d08d69a9012a')),
  ('db196df6-2c4f-5bfc-b699-9551a18556e1', '2a5bfc9b-7d9b-5303-a6e2-018e3b626d48', (SELECT id FROM defi_token WHERE chain = 'avalanche' AND address = '0xd586e7f844cea2f87f50152665bcbc2c279d8d70'), (SELECT id FROM defi_token WHERE chain = 'avalanche' AND address = '0xfc421ad3c883bf9e7c4f42de845c4e4405799e73')),
  ('5481c277-bf3e-5080-b1be-d45ad2dcb13a', '2a5bfc9b-7d9b-5303-a6e2-018e3b626d48', (SELECT id FROM defi_token WHERE chain = 'avalanche' AND address = '0xd586e7f844cea2f87f50152665bcbc2c279d8d70'), (SELECT id FROM defi_token WHERE chain = 'avalanche' AND address = '0xc891eb4cbdeff6e073e859e987815ed1505c2acd')),
  ('51f749fe-6d51-5cb0-969f-75db607190e8', '2a5bfc9b-7d9b-5303-a6e2-018e3b626d48', (SELECT id FROM defi_token WHERE chain = 'avalanche' AND address = '0xd586e7f844cea2f87f50152665bcbc2c279d8d70'), (SELECT id FROM defi_token WHERE chain = 'avalanche' AND address = '0x5d3a1ff2b6bab83b63cd9ad0787074081a52ef34')),
  ('3240a4c1-c203-5850-bd90-aae9bfebf099', '2a5bfc9b-7d9b-5303-a6e2-018e3b626d48', (SELECT id FROM defi_token WHERE chain = 'avalanche' AND address = '0xd586e7f844cea2f87f50152665bcbc2c279d8d70'), (SELECT id FROM defi_token WHERE chain = 'avalanche' AND address = '0x211cc4dd073734da055fbf44a2b4667d5e5fe5d2')),
  ('c9ff5dc7-f50f-53ed-a1da-8b5c026cd514', '2a5bfc9b-7d9b-5303-a6e2-018e3b626d48', (SELECT id FROM defi_token WHERE chain = 'avalanche' AND address = '0xd586e7f844cea2f87f50152665bcbc2c279d8d70'), (SELECT id FROM defi_token WHERE chain = 'avalanche' AND address = '0x7bfd4ca2a6cf3a3fddd645d10b323031afe47ff0')),
  ('55c15628-27a2-59e1-abd0-25edc84cfc5f', '2a5bfc9b-7d9b-5303-a6e2-018e3b626d48', (SELECT id FROM defi_token WHERE chain = 'avalanche' AND address = '0x5947bb275c521040051d82396192181b413227a3'), (SELECT id FROM defi_token WHERE chain = 'avalanche' AND address = '0xd586e7f844cea2f87f50152665bcbc2c279d8d70')),
  ('7864e7e3-2252-5774-9b4a-8b9ff675bb12', '2a5bfc9b-7d9b-5303-a6e2-018e3b626d48', (SELECT id FROM defi_token WHERE chain = 'avalanche' AND address = '0x5947bb275c521040051d82396192181b413227a3'), (SELECT id FROM defi_token WHERE chain = 'avalanche' AND address = '0xb97ef9ef8734c71904d8002f8b6bc66dd9c48a6e')),
  ('2b19c6eb-a686-5f49-a1ff-2f2ca1ea1afc', '2a5bfc9b-7d9b-5303-a6e2-018e3b626d48', (SELECT id FROM defi_token WHERE chain = 'avalanche' AND address = '0x5947bb275c521040051d82396192181b413227a3'), (SELECT id FROM defi_token WHERE chain = 'avalanche' AND address = '0x50b7545627a5162f82a992c33b87adc75187b218')),
  ('8d9f20df-8a46-5b8b-92fa-733f01cdbbfc', '2a5bfc9b-7d9b-5303-a6e2-018e3b626d48', (SELECT id FROM defi_token WHERE chain = 'avalanche' AND address = '0x5947bb275c521040051d82396192181b413227a3'), (SELECT id FROM defi_token WHERE chain = 'avalanche' AND address = '0x49d5c2bdffac6ce2bfdb6640f4f80f226bc10bab')),
  ('9542bf75-0372-5020-bf03-765bb13f7b0e', '2a5bfc9b-7d9b-5303-a6e2-018e3b626d48', (SELECT id FROM defi_token WHERE chain = 'avalanche' AND address = '0x5947bb275c521040051d82396192181b413227a3'), (SELECT id FROM defi_token WHERE chain = 'avalanche' AND address = '0x9702230a8ea53601f5cd2dc00fdbc13d4df4a8c7')),
  ('82c66e06-0597-5547-b5f9-6fbf431eb7b8', '2a5bfc9b-7d9b-5303-a6e2-018e3b626d48', (SELECT id FROM defi_token WHERE chain = 'avalanche' AND address = '0x5947bb275c521040051d82396192181b413227a3'), (SELECT id FROM defi_token WHERE chain = 'avalanche' AND address = '0x63a72806098bd3d9520cc43356dd78afe5d386d9')),
  ('ae84f617-3bc6-53eb-b0f3-314987631658', '2a5bfc9b-7d9b-5303-a6e2-018e3b626d48', (SELECT id FROM defi_token WHERE chain = 'avalanche' AND address = '0x5947bb275c521040051d82396192181b413227a3'), (SELECT id FROM defi_token WHERE chain = 'avalanche' AND address = '0xb31f66aa3c1e785363f0875a1b74e27b85fd66c7')),
  ('d1539bd0-93ce-58c6-bacd-13f52338c447', '2a5bfc9b-7d9b-5303-a6e2-018e3b626d48', (SELECT id FROM defi_token WHERE chain = 'avalanche' AND address = '0x5947bb275c521040051d82396192181b413227a3'), (SELECT id FROM defi_token WHERE chain = 'avalanche' AND address = '0x2b2c81e08f1af8835a78bb2a90ae924ace0ea4be')),
  ('89b55b5e-2899-5253-81f2-5c1b55049b36', '2a5bfc9b-7d9b-5303-a6e2-018e3b626d48', (SELECT id FROM defi_token WHERE chain = 'avalanche' AND address = '0x5947bb275c521040051d82396192181b413227a3'), (SELECT id FROM defi_token WHERE chain = 'avalanche' AND address = '0xd24c2ad096400b6fbcd2ad8b24e7acbc21a1da64')),
  ('f9e6133c-c948-50b5-988f-a255dcca055c', '2a5bfc9b-7d9b-5303-a6e2-018e3b626d48', (SELECT id FROM defi_token WHERE chain = 'avalanche' AND address = '0x5947bb275c521040051d82396192181b413227a3'), (SELECT id FROM defi_token WHERE chain = 'avalanche' AND address = '0x5c49b268c9841aff1cc3b0a418ff5c3442ee3f3b')),
  ('20565ad5-00df-5ffa-a42f-685c3c93cfec', '2a5bfc9b-7d9b-5303-a6e2-018e3b626d48', (SELECT id FROM defi_token WHERE chain = 'avalanche' AND address = '0x5947bb275c521040051d82396192181b413227a3'), (SELECT id FROM defi_token WHERE chain = 'avalanche' AND address = '0x152b9d0fdc40c096757f570a51e494bd4b943e50')),
  ('5e166764-1241-5e40-9cb1-b0ac1a5d5aec', '2a5bfc9b-7d9b-5303-a6e2-018e3b626d48', (SELECT id FROM defi_token WHERE chain = 'avalanche' AND address = '0x5947bb275c521040051d82396192181b413227a3'), (SELECT id FROM defi_token WHERE chain = 'avalanche' AND address = '0x00000000efe302beaa2b3e6e1b18d08d69a9012a')),
  ('e8ed0ecb-8cef-586c-948a-6acbda35d6f1', '2a5bfc9b-7d9b-5303-a6e2-018e3b626d48', (SELECT id FROM defi_token WHERE chain = 'avalanche' AND address = '0x5947bb275c521040051d82396192181b413227a3'), (SELECT id FROM defi_token WHERE chain = 'avalanche' AND address = '0xfc421ad3c883bf9e7c4f42de845c4e4405799e73')),
  ('8b53ddd7-7c49-5a22-bc4d-3b700296467a', '2a5bfc9b-7d9b-5303-a6e2-018e3b626d48', (SELECT id FROM defi_token WHERE chain = 'avalanche' AND address = '0x5947bb275c521040051d82396192181b413227a3'), (SELECT id FROM defi_token WHERE chain = 'avalanche' AND address = '0xc891eb4cbdeff6e073e859e987815ed1505c2acd')),
  ('448968b9-d0ab-54fe-9f3c-452d6ee731d3', '2a5bfc9b-7d9b-5303-a6e2-018e3b626d48', (SELECT id FROM defi_token WHERE chain = 'avalanche' AND address = '0x5947bb275c521040051d82396192181b413227a3'), (SELECT id FROM defi_token WHERE chain = 'avalanche' AND address = '0x5d3a1ff2b6bab83b63cd9ad0787074081a52ef34')),
  ('9b0daebe-5a56-57c0-b2e9-7c6710eb6824', '2a5bfc9b-7d9b-5303-a6e2-018e3b626d48', (SELECT id FROM defi_token WHERE chain = 'avalanche' AND address = '0x5947bb275c521040051d82396192181b413227a3'), (SELECT id FROM defi_token WHERE chain = 'avalanche' AND address = '0x211cc4dd073734da055fbf44a2b4667d5e5fe5d2')),
  ('b7bba5ed-a151-5452-a213-2b3d5b66b4de', '2a5bfc9b-7d9b-5303-a6e2-018e3b626d48', (SELECT id FROM defi_token WHERE chain = 'avalanche' AND address = '0x5947bb275c521040051d82396192181b413227a3'), (SELECT id FROM defi_token WHERE chain = 'avalanche' AND address = '0x7bfd4ca2a6cf3a3fddd645d10b323031afe47ff0')),
  ('8f3214bd-7fdd-5361-a098-6c6ec1d46a48', '2a5bfc9b-7d9b-5303-a6e2-018e3b626d48', (SELECT id FROM defi_token WHERE chain = 'avalanche' AND address = '0xb97ef9ef8734c71904d8002f8b6bc66dd9c48a6e'), (SELECT id FROM defi_token WHERE chain = 'avalanche' AND address = '0xd586e7f844cea2f87f50152665bcbc2c279d8d70')),
  ('7c980df0-900c-5c31-8b98-3c5bccaebc17', '2a5bfc9b-7d9b-5303-a6e2-018e3b626d48', (SELECT id FROM defi_token WHERE chain = 'avalanche' AND address = '0xb97ef9ef8734c71904d8002f8b6bc66dd9c48a6e'), (SELECT id FROM defi_token WHERE chain = 'avalanche' AND address = '0x5947bb275c521040051d82396192181b413227a3')),
  ('68e0adbb-50b1-5a34-9d5b-1853c930831b', '2a5bfc9b-7d9b-5303-a6e2-018e3b626d48', (SELECT id FROM defi_token WHERE chain = 'avalanche' AND address = '0xb97ef9ef8734c71904d8002f8b6bc66dd9c48a6e'), (SELECT id FROM defi_token WHERE chain = 'avalanche' AND address = '0x50b7545627a5162f82a992c33b87adc75187b218')),
  ('22cc043d-e32e-5ab3-a18c-f9570233a3c1', '2a5bfc9b-7d9b-5303-a6e2-018e3b626d48', (SELECT id FROM defi_token WHERE chain = 'avalanche' AND address = '0xb97ef9ef8734c71904d8002f8b6bc66dd9c48a6e'), (SELECT id FROM defi_token WHERE chain = 'avalanche' AND address = '0x49d5c2bdffac6ce2bfdb6640f4f80f226bc10bab')),
  ('38395eb5-90c6-53e7-8be4-ea1b1948a850', '2a5bfc9b-7d9b-5303-a6e2-018e3b626d48', (SELECT id FROM defi_token WHERE chain = 'avalanche' AND address = '0xb97ef9ef8734c71904d8002f8b6bc66dd9c48a6e'), (SELECT id FROM defi_token WHERE chain = 'avalanche' AND address = '0x9702230a8ea53601f5cd2dc00fdbc13d4df4a8c7')),
  ('022114d9-ac2e-501c-853e-f612b3ecaf5d', '2a5bfc9b-7d9b-5303-a6e2-018e3b626d48', (SELECT id FROM defi_token WHERE chain = 'avalanche' AND address = '0xb97ef9ef8734c71904d8002f8b6bc66dd9c48a6e'), (SELECT id FROM defi_token WHERE chain = 'avalanche' AND address = '0x63a72806098bd3d9520cc43356dd78afe5d386d9')),
  ('0817e293-ab3c-5f83-bbdc-0b309820c56c', '2a5bfc9b-7d9b-5303-a6e2-018e3b626d48', (SELECT id FROM defi_token WHERE chain = 'avalanche' AND address = '0xb97ef9ef8734c71904d8002f8b6bc66dd9c48a6e'), (SELECT id FROM defi_token WHERE chain = 'avalanche' AND address = '0xb31f66aa3c1e785363f0875a1b74e27b85fd66c7')),
  ('0b23305a-8e54-5b5a-9119-d6bc897a0689', '2a5bfc9b-7d9b-5303-a6e2-018e3b626d48', (SELECT id FROM defi_token WHERE chain = 'avalanche' AND address = '0xb97ef9ef8734c71904d8002f8b6bc66dd9c48a6e'), (SELECT id FROM defi_token WHERE chain = 'avalanche' AND address = '0x2b2c81e08f1af8835a78bb2a90ae924ace0ea4be')),
  ('7d8941cf-7200-572b-8dc6-8ba5f5c01dcd', '2a5bfc9b-7d9b-5303-a6e2-018e3b626d48', (SELECT id FROM defi_token WHERE chain = 'avalanche' AND address = '0xb97ef9ef8734c71904d8002f8b6bc66dd9c48a6e'), (SELECT id FROM defi_token WHERE chain = 'avalanche' AND address = '0xd24c2ad096400b6fbcd2ad8b24e7acbc21a1da64')),
  ('0b6959f5-627d-5d75-a986-f99c2f52eaff', '2a5bfc9b-7d9b-5303-a6e2-018e3b626d48', (SELECT id FROM defi_token WHERE chain = 'avalanche' AND address = '0xb97ef9ef8734c71904d8002f8b6bc66dd9c48a6e'), (SELECT id FROM defi_token WHERE chain = 'avalanche' AND address = '0x5c49b268c9841aff1cc3b0a418ff5c3442ee3f3b')),
  ('363d4569-d0da-5a9f-87bd-e82086b7bddf', '2a5bfc9b-7d9b-5303-a6e2-018e3b626d48', (SELECT id FROM defi_token WHERE chain = 'avalanche' AND address = '0xb97ef9ef8734c71904d8002f8b6bc66dd9c48a6e'), (SELECT id FROM defi_token WHERE chain = 'avalanche' AND address = '0x152b9d0fdc40c096757f570a51e494bd4b943e50')),
  ('9763dc23-d48e-508d-b0e8-5225d3c41e0a', '2a5bfc9b-7d9b-5303-a6e2-018e3b626d48', (SELECT id FROM defi_token WHERE chain = 'avalanche' AND address = '0xb97ef9ef8734c71904d8002f8b6bc66dd9c48a6e'), (SELECT id FROM defi_token WHERE chain = 'avalanche' AND address = '0x00000000efe302beaa2b3e6e1b18d08d69a9012a')),
  ('a13ca36e-1d4a-53bc-a073-65011b5be46e', '2a5bfc9b-7d9b-5303-a6e2-018e3b626d48', (SELECT id FROM defi_token WHERE chain = 'avalanche' AND address = '0xb97ef9ef8734c71904d8002f8b6bc66dd9c48a6e'), (SELECT id FROM defi_token WHERE chain = 'avalanche' AND address = '0xfc421ad3c883bf9e7c4f42de845c4e4405799e73')),
  ('9b1a7e8e-443b-5dfa-bc43-80fef92c62e7', '2a5bfc9b-7d9b-5303-a6e2-018e3b626d48', (SELECT id FROM defi_token WHERE chain = 'avalanche' AND address = '0xb97ef9ef8734c71904d8002f8b6bc66dd9c48a6e'), (SELECT id FROM defi_token WHERE chain = 'avalanche' AND address = '0xc891eb4cbdeff6e073e859e987815ed1505c2acd')),
  ('30526df3-8c19-5bb7-b828-725c92bff1cd', '2a5bfc9b-7d9b-5303-a6e2-018e3b626d48', (SELECT id FROM defi_token WHERE chain = 'avalanche' AND address = '0xb97ef9ef8734c71904d8002f8b6bc66dd9c48a6e'), (SELECT id FROM defi_token WHERE chain = 'avalanche' AND address = '0x5d3a1ff2b6bab83b63cd9ad0787074081a52ef34')),
  ('c83daba0-2e3d-5a93-bf22-69a0ec10aa81', '2a5bfc9b-7d9b-5303-a6e2-018e3b626d48', (SELECT id FROM defi_token WHERE chain = 'avalanche' AND address = '0xb97ef9ef8734c71904d8002f8b6bc66dd9c48a6e'), (SELECT id FROM defi_token WHERE chain = 'avalanche' AND address = '0x211cc4dd073734da055fbf44a2b4667d5e5fe5d2')),
  ('9c0e62a6-f9f8-5d51-8e1e-93dae94c48f3', '2a5bfc9b-7d9b-5303-a6e2-018e3b626d48', (SELECT id FROM defi_token WHERE chain = 'avalanche' AND address = '0xb97ef9ef8734c71904d8002f8b6bc66dd9c48a6e'), (SELECT id FROM defi_token WHERE chain = 'avalanche' AND address = '0x7bfd4ca2a6cf3a3fddd645d10b323031afe47ff0')),
  ('c61a82df-12ab-5538-bb46-2c045652be44', '2a5bfc9b-7d9b-5303-a6e2-018e3b626d48', (SELECT id FROM defi_token WHERE chain = 'avalanche' AND address = '0x50b7545627a5162f82a992c33b87adc75187b218'), (SELECT id FROM defi_token WHERE chain = 'avalanche' AND address = '0xd586e7f844cea2f87f50152665bcbc2c279d8d70')),
  ('8210505a-9073-5107-82de-67fc31ea1a35', '2a5bfc9b-7d9b-5303-a6e2-018e3b626d48', (SELECT id FROM defi_token WHERE chain = 'avalanche' AND address = '0x50b7545627a5162f82a992c33b87adc75187b218'), (SELECT id FROM defi_token WHERE chain = 'avalanche' AND address = '0x5947bb275c521040051d82396192181b413227a3')),
  ('0914e81b-b4e3-58f2-aa2a-7ad2078df5d8', '2a5bfc9b-7d9b-5303-a6e2-018e3b626d48', (SELECT id FROM defi_token WHERE chain = 'avalanche' AND address = '0x50b7545627a5162f82a992c33b87adc75187b218'), (SELECT id FROM defi_token WHERE chain = 'avalanche' AND address = '0xb97ef9ef8734c71904d8002f8b6bc66dd9c48a6e')),
  ('a659c280-0c30-5e1b-bfc6-1c326db5c707', '2a5bfc9b-7d9b-5303-a6e2-018e3b626d48', (SELECT id FROM defi_token WHERE chain = 'avalanche' AND address = '0x50b7545627a5162f82a992c33b87adc75187b218'), (SELECT id FROM defi_token WHERE chain = 'avalanche' AND address = '0x49d5c2bdffac6ce2bfdb6640f4f80f226bc10bab')),
  ('7c362659-9849-53b4-8c6f-26ab35a43169', '2a5bfc9b-7d9b-5303-a6e2-018e3b626d48', (SELECT id FROM defi_token WHERE chain = 'avalanche' AND address = '0x50b7545627a5162f82a992c33b87adc75187b218'), (SELECT id FROM defi_token WHERE chain = 'avalanche' AND address = '0x9702230a8ea53601f5cd2dc00fdbc13d4df4a8c7')),
  ('ba6539db-fa68-5d86-a904-c38ebd0076ff', '2a5bfc9b-7d9b-5303-a6e2-018e3b626d48', (SELECT id FROM defi_token WHERE chain = 'avalanche' AND address = '0x50b7545627a5162f82a992c33b87adc75187b218'), (SELECT id FROM defi_token WHERE chain = 'avalanche' AND address = '0x63a72806098bd3d9520cc43356dd78afe5d386d9')),
  ('305c1d80-be08-5179-8f74-df274f7f3358', '2a5bfc9b-7d9b-5303-a6e2-018e3b626d48', (SELECT id FROM defi_token WHERE chain = 'avalanche' AND address = '0x50b7545627a5162f82a992c33b87adc75187b218'), (SELECT id FROM defi_token WHERE chain = 'avalanche' AND address = '0xb31f66aa3c1e785363f0875a1b74e27b85fd66c7')),
  ('6b00b7e8-6276-5f34-90b5-cb4667593710', '2a5bfc9b-7d9b-5303-a6e2-018e3b626d48', (SELECT id FROM defi_token WHERE chain = 'avalanche' AND address = '0x50b7545627a5162f82a992c33b87adc75187b218'), (SELECT id FROM defi_token WHERE chain = 'avalanche' AND address = '0x2b2c81e08f1af8835a78bb2a90ae924ace0ea4be')),
  ('42160a52-3e0b-5482-aeba-3c4c4d057ea1', '2a5bfc9b-7d9b-5303-a6e2-018e3b626d48', (SELECT id FROM defi_token WHERE chain = 'avalanche' AND address = '0x50b7545627a5162f82a992c33b87adc75187b218'), (SELECT id FROM defi_token WHERE chain = 'avalanche' AND address = '0xd24c2ad096400b6fbcd2ad8b24e7acbc21a1da64')),
  ('d8fd9340-95a8-5d6f-a365-b6d591c3eb4c', '2a5bfc9b-7d9b-5303-a6e2-018e3b626d48', (SELECT id FROM defi_token WHERE chain = 'avalanche' AND address = '0x50b7545627a5162f82a992c33b87adc75187b218'), (SELECT id FROM defi_token WHERE chain = 'avalanche' AND address = '0x5c49b268c9841aff1cc3b0a418ff5c3442ee3f3b')),
  ('c5f1dfb2-9328-563d-8fe7-0db090babb46', '2a5bfc9b-7d9b-5303-a6e2-018e3b626d48', (SELECT id FROM defi_token WHERE chain = 'avalanche' AND address = '0x50b7545627a5162f82a992c33b87adc75187b218'), (SELECT id FROM defi_token WHERE chain = 'avalanche' AND address = '0x152b9d0fdc40c096757f570a51e494bd4b943e50')),
  ('e514527a-5679-5b1f-bb5f-5e29b81da91e', '2a5bfc9b-7d9b-5303-a6e2-018e3b626d48', (SELECT id FROM defi_token WHERE chain = 'avalanche' AND address = '0x50b7545627a5162f82a992c33b87adc75187b218'), (SELECT id FROM defi_token WHERE chain = 'avalanche' AND address = '0x00000000efe302beaa2b3e6e1b18d08d69a9012a')),
  ('c1a12d26-dbe5-53ee-932b-11a5f6909e17', '2a5bfc9b-7d9b-5303-a6e2-018e3b626d48', (SELECT id FROM defi_token WHERE chain = 'avalanche' AND address = '0x50b7545627a5162f82a992c33b87adc75187b218'), (SELECT id FROM defi_token WHERE chain = 'avalanche' AND address = '0xfc421ad3c883bf9e7c4f42de845c4e4405799e73')),
  ('8e891688-5af4-534c-96fb-0c7c78636e3c', '2a5bfc9b-7d9b-5303-a6e2-018e3b626d48', (SELECT id FROM defi_token WHERE chain = 'avalanche' AND address = '0x50b7545627a5162f82a992c33b87adc75187b218'), (SELECT id FROM defi_token WHERE chain = 'avalanche' AND address = '0xc891eb4cbdeff6e073e859e987815ed1505c2acd')),
  ('99b77e59-7f59-500b-8208-3cc9314ec3ec', '2a5bfc9b-7d9b-5303-a6e2-018e3b626d48', (SELECT id FROM defi_token WHERE chain = 'avalanche' AND address = '0x50b7545627a5162f82a992c33b87adc75187b218'), (SELECT id FROM defi_token WHERE chain = 'avalanche' AND address = '0x5d3a1ff2b6bab83b63cd9ad0787074081a52ef34')),
  ('14e19ecc-cf48-5e51-bfde-e9589c70ed3a', '2a5bfc9b-7d9b-5303-a6e2-018e3b626d48', (SELECT id FROM defi_token WHERE chain = 'avalanche' AND address = '0x50b7545627a5162f82a992c33b87adc75187b218'), (SELECT id FROM defi_token WHERE chain = 'avalanche' AND address = '0x211cc4dd073734da055fbf44a2b4667d5e5fe5d2')),
  ('c3d49e61-649d-5b1a-a522-dc6095c41f0b', '2a5bfc9b-7d9b-5303-a6e2-018e3b626d48', (SELECT id FROM defi_token WHERE chain = 'avalanche' AND address = '0x50b7545627a5162f82a992c33b87adc75187b218'), (SELECT id FROM defi_token WHERE chain = 'avalanche' AND address = '0x7bfd4ca2a6cf3a3fddd645d10b323031afe47ff0')),
  ('299ec637-3874-57ae-8426-7f40a8162c40', '2a5bfc9b-7d9b-5303-a6e2-018e3b626d48', (SELECT id FROM defi_token WHERE chain = 'avalanche' AND address = '0x49d5c2bdffac6ce2bfdb6640f4f80f226bc10bab'), (SELECT id FROM defi_token WHERE chain = 'avalanche' AND address = '0xd586e7f844cea2f87f50152665bcbc2c279d8d70')),
  ('f92ffcc9-26e2-53b0-a57a-6f61cc20b418', '2a5bfc9b-7d9b-5303-a6e2-018e3b626d48', (SELECT id FROM defi_token WHERE chain = 'avalanche' AND address = '0x49d5c2bdffac6ce2bfdb6640f4f80f226bc10bab'), (SELECT id FROM defi_token WHERE chain = 'avalanche' AND address = '0x5947bb275c521040051d82396192181b413227a3')),
  ('c359ba05-1ebb-5ce3-803d-889ec37d5931', '2a5bfc9b-7d9b-5303-a6e2-018e3b626d48', (SELECT id FROM defi_token WHERE chain = 'avalanche' AND address = '0x49d5c2bdffac6ce2bfdb6640f4f80f226bc10bab'), (SELECT id FROM defi_token WHERE chain = 'avalanche' AND address = '0xb97ef9ef8734c71904d8002f8b6bc66dd9c48a6e')),
  ('60607161-b076-59eb-b39b-37a2c47b3873', '2a5bfc9b-7d9b-5303-a6e2-018e3b626d48', (SELECT id FROM defi_token WHERE chain = 'avalanche' AND address = '0x49d5c2bdffac6ce2bfdb6640f4f80f226bc10bab'), (SELECT id FROM defi_token WHERE chain = 'avalanche' AND address = '0x50b7545627a5162f82a992c33b87adc75187b218')),
  ('44692262-d4c4-52d4-95b8-bf96ad0a0422', '2a5bfc9b-7d9b-5303-a6e2-018e3b626d48', (SELECT id FROM defi_token WHERE chain = 'avalanche' AND address = '0x49d5c2bdffac6ce2bfdb6640f4f80f226bc10bab'), (SELECT id FROM defi_token WHERE chain = 'avalanche' AND address = '0x9702230a8ea53601f5cd2dc00fdbc13d4df4a8c7')),
  ('f10f6191-62ef-585d-990c-7dc9cbcf4d06', '2a5bfc9b-7d9b-5303-a6e2-018e3b626d48', (SELECT id FROM defi_token WHERE chain = 'avalanche' AND address = '0x49d5c2bdffac6ce2bfdb6640f4f80f226bc10bab'), (SELECT id FROM defi_token WHERE chain = 'avalanche' AND address = '0x63a72806098bd3d9520cc43356dd78afe5d386d9')),
  ('acf906b1-685a-537d-ba02-a617bdd4eab9', '2a5bfc9b-7d9b-5303-a6e2-018e3b626d48', (SELECT id FROM defi_token WHERE chain = 'avalanche' AND address = '0x49d5c2bdffac6ce2bfdb6640f4f80f226bc10bab'), (SELECT id FROM defi_token WHERE chain = 'avalanche' AND address = '0xb31f66aa3c1e785363f0875a1b74e27b85fd66c7')),
  ('197c69e7-356a-5a3c-8359-48c834a59cf2', '2a5bfc9b-7d9b-5303-a6e2-018e3b626d48', (SELECT id FROM defi_token WHERE chain = 'avalanche' AND address = '0x49d5c2bdffac6ce2bfdb6640f4f80f226bc10bab'), (SELECT id FROM defi_token WHERE chain = 'avalanche' AND address = '0x2b2c81e08f1af8835a78bb2a90ae924ace0ea4be')),
  ('4d680830-4fa7-5d58-917a-5389747ff8bb', '2a5bfc9b-7d9b-5303-a6e2-018e3b626d48', (SELECT id FROM defi_token WHERE chain = 'avalanche' AND address = '0x49d5c2bdffac6ce2bfdb6640f4f80f226bc10bab'), (SELECT id FROM defi_token WHERE chain = 'avalanche' AND address = '0xd24c2ad096400b6fbcd2ad8b24e7acbc21a1da64')),
  ('74d60d8d-ac64-50e9-98f0-dbae1dd4d9a8', '2a5bfc9b-7d9b-5303-a6e2-018e3b626d48', (SELECT id FROM defi_token WHERE chain = 'avalanche' AND address = '0x49d5c2bdffac6ce2bfdb6640f4f80f226bc10bab'), (SELECT id FROM defi_token WHERE chain = 'avalanche' AND address = '0x5c49b268c9841aff1cc3b0a418ff5c3442ee3f3b')),
  ('92b68e2c-ee41-5ff3-8d54-4d4b77925b61', '2a5bfc9b-7d9b-5303-a6e2-018e3b626d48', (SELECT id FROM defi_token WHERE chain = 'avalanche' AND address = '0x49d5c2bdffac6ce2bfdb6640f4f80f226bc10bab'), (SELECT id FROM defi_token WHERE chain = 'avalanche' AND address = '0x152b9d0fdc40c096757f570a51e494bd4b943e50')),
  ('597ade42-73b3-5ede-9f5e-7127b043b912', '2a5bfc9b-7d9b-5303-a6e2-018e3b626d48', (SELECT id FROM defi_token WHERE chain = 'avalanche' AND address = '0x49d5c2bdffac6ce2bfdb6640f4f80f226bc10bab'), (SELECT id FROM defi_token WHERE chain = 'avalanche' AND address = '0x00000000efe302beaa2b3e6e1b18d08d69a9012a')),
  ('07fd470e-fbfd-54a4-a82c-d9bbec79de2a', '2a5bfc9b-7d9b-5303-a6e2-018e3b626d48', (SELECT id FROM defi_token WHERE chain = 'avalanche' AND address = '0x49d5c2bdffac6ce2bfdb6640f4f80f226bc10bab'), (SELECT id FROM defi_token WHERE chain = 'avalanche' AND address = '0xfc421ad3c883bf9e7c4f42de845c4e4405799e73')),
  ('4de25666-2a45-5748-80f1-08149920dce6', '2a5bfc9b-7d9b-5303-a6e2-018e3b626d48', (SELECT id FROM defi_token WHERE chain = 'avalanche' AND address = '0x49d5c2bdffac6ce2bfdb6640f4f80f226bc10bab'), (SELECT id FROM defi_token WHERE chain = 'avalanche' AND address = '0xc891eb4cbdeff6e073e859e987815ed1505c2acd')),
  ('3dcd43a6-8fc4-5184-94fa-3d9b6a439bc8', '2a5bfc9b-7d9b-5303-a6e2-018e3b626d48', (SELECT id FROM defi_token WHERE chain = 'avalanche' AND address = '0x49d5c2bdffac6ce2bfdb6640f4f80f226bc10bab'), (SELECT id FROM defi_token WHERE chain = 'avalanche' AND address = '0x5d3a1ff2b6bab83b63cd9ad0787074081a52ef34')),
  ('6f06b31a-a7a3-55e0-aa85-f0731ac940d2', '2a5bfc9b-7d9b-5303-a6e2-018e3b626d48', (SELECT id FROM defi_token WHERE chain = 'avalanche' AND address = '0x49d5c2bdffac6ce2bfdb6640f4f80f226bc10bab'), (SELECT id FROM defi_token WHERE chain = 'avalanche' AND address = '0x211cc4dd073734da055fbf44a2b4667d5e5fe5d2')),
  ('ac0c60f4-401a-54af-b737-bc8443cd67ca', '2a5bfc9b-7d9b-5303-a6e2-018e3b626d48', (SELECT id FROM defi_token WHERE chain = 'avalanche' AND address = '0x49d5c2bdffac6ce2bfdb6640f4f80f226bc10bab'), (SELECT id FROM defi_token WHERE chain = 'avalanche' AND address = '0x7bfd4ca2a6cf3a3fddd645d10b323031afe47ff0')),
  ('6a2bcb62-a4d9-5954-9a93-7b541e8ab146', '2a5bfc9b-7d9b-5303-a6e2-018e3b626d48', (SELECT id FROM defi_token WHERE chain = 'avalanche' AND address = '0x9702230a8ea53601f5cd2dc00fdbc13d4df4a8c7'), (SELECT id FROM defi_token WHERE chain = 'avalanche' AND address = '0xd586e7f844cea2f87f50152665bcbc2c279d8d70')),
  ('f67aff14-c590-502f-935c-4f4825b72777', '2a5bfc9b-7d9b-5303-a6e2-018e3b626d48', (SELECT id FROM defi_token WHERE chain = 'avalanche' AND address = '0x9702230a8ea53601f5cd2dc00fdbc13d4df4a8c7'), (SELECT id FROM defi_token WHERE chain = 'avalanche' AND address = '0x5947bb275c521040051d82396192181b413227a3')),
  ('296fb734-949b-5fca-ae7f-3e0901212043', '2a5bfc9b-7d9b-5303-a6e2-018e3b626d48', (SELECT id FROM defi_token WHERE chain = 'avalanche' AND address = '0x9702230a8ea53601f5cd2dc00fdbc13d4df4a8c7'), (SELECT id FROM defi_token WHERE chain = 'avalanche' AND address = '0xb97ef9ef8734c71904d8002f8b6bc66dd9c48a6e')),
  ('d7606845-e085-58ca-ba3e-2d302a55df68', '2a5bfc9b-7d9b-5303-a6e2-018e3b626d48', (SELECT id FROM defi_token WHERE chain = 'avalanche' AND address = '0x9702230a8ea53601f5cd2dc00fdbc13d4df4a8c7'), (SELECT id FROM defi_token WHERE chain = 'avalanche' AND address = '0x50b7545627a5162f82a992c33b87adc75187b218')),
  ('83cd31e0-04f8-534c-8ae3-458e27eb0c8a', '2a5bfc9b-7d9b-5303-a6e2-018e3b626d48', (SELECT id FROM defi_token WHERE chain = 'avalanche' AND address = '0x9702230a8ea53601f5cd2dc00fdbc13d4df4a8c7'), (SELECT id FROM defi_token WHERE chain = 'avalanche' AND address = '0x49d5c2bdffac6ce2bfdb6640f4f80f226bc10bab')),
  ('2f6d1f49-5259-5b23-a600-929fc28417d0', '2a5bfc9b-7d9b-5303-a6e2-018e3b626d48', (SELECT id FROM defi_token WHERE chain = 'avalanche' AND address = '0x9702230a8ea53601f5cd2dc00fdbc13d4df4a8c7'), (SELECT id FROM defi_token WHERE chain = 'avalanche' AND address = '0x63a72806098bd3d9520cc43356dd78afe5d386d9')),
  ('ee063834-3493-5205-9f97-289c48780365', '2a5bfc9b-7d9b-5303-a6e2-018e3b626d48', (SELECT id FROM defi_token WHERE chain = 'avalanche' AND address = '0x9702230a8ea53601f5cd2dc00fdbc13d4df4a8c7'), (SELECT id FROM defi_token WHERE chain = 'avalanche' AND address = '0xb31f66aa3c1e785363f0875a1b74e27b85fd66c7')),
  ('94e4539a-5cb7-5a78-a0eb-008d489bd639', '2a5bfc9b-7d9b-5303-a6e2-018e3b626d48', (SELECT id FROM defi_token WHERE chain = 'avalanche' AND address = '0x9702230a8ea53601f5cd2dc00fdbc13d4df4a8c7'), (SELECT id FROM defi_token WHERE chain = 'avalanche' AND address = '0x2b2c81e08f1af8835a78bb2a90ae924ace0ea4be')),
  ('fb8f5cf5-4577-560f-93b9-350ab9dc08a8', '2a5bfc9b-7d9b-5303-a6e2-018e3b626d48', (SELECT id FROM defi_token WHERE chain = 'avalanche' AND address = '0x9702230a8ea53601f5cd2dc00fdbc13d4df4a8c7'), (SELECT id FROM defi_token WHERE chain = 'avalanche' AND address = '0xd24c2ad096400b6fbcd2ad8b24e7acbc21a1da64')),
  ('63c7feb6-a717-52c8-9a85-3e788da7b70c', '2a5bfc9b-7d9b-5303-a6e2-018e3b626d48', (SELECT id FROM defi_token WHERE chain = 'avalanche' AND address = '0x9702230a8ea53601f5cd2dc00fdbc13d4df4a8c7'), (SELECT id FROM defi_token WHERE chain = 'avalanche' AND address = '0x5c49b268c9841aff1cc3b0a418ff5c3442ee3f3b')),
  ('1f044087-1376-5069-b90b-7416775577d1', '2a5bfc9b-7d9b-5303-a6e2-018e3b626d48', (SELECT id FROM defi_token WHERE chain = 'avalanche' AND address = '0x9702230a8ea53601f5cd2dc00fdbc13d4df4a8c7'), (SELECT id FROM defi_token WHERE chain = 'avalanche' AND address = '0x152b9d0fdc40c096757f570a51e494bd4b943e50')),
  ('ad2c8967-1c7d-593d-bc5f-c209b2f1ba46', '2a5bfc9b-7d9b-5303-a6e2-018e3b626d48', (SELECT id FROM defi_token WHERE chain = 'avalanche' AND address = '0x9702230a8ea53601f5cd2dc00fdbc13d4df4a8c7'), (SELECT id FROM defi_token WHERE chain = 'avalanche' AND address = '0x00000000efe302beaa2b3e6e1b18d08d69a9012a')),
  ('6880445d-7f7e-5630-8fb1-7921d89c8b0f', '2a5bfc9b-7d9b-5303-a6e2-018e3b626d48', (SELECT id FROM defi_token WHERE chain = 'avalanche' AND address = '0x9702230a8ea53601f5cd2dc00fdbc13d4df4a8c7'), (SELECT id FROM defi_token WHERE chain = 'avalanche' AND address = '0xfc421ad3c883bf9e7c4f42de845c4e4405799e73')),
  ('f606a67a-faed-5486-9955-ce5e70fe9a94', '2a5bfc9b-7d9b-5303-a6e2-018e3b626d48', (SELECT id FROM defi_token WHERE chain = 'avalanche' AND address = '0x9702230a8ea53601f5cd2dc00fdbc13d4df4a8c7'), (SELECT id FROM defi_token WHERE chain = 'avalanche' AND address = '0xc891eb4cbdeff6e073e859e987815ed1505c2acd')),
  ('0829c59b-b892-5cc2-a8c9-a50debf992e2', '2a5bfc9b-7d9b-5303-a6e2-018e3b626d48', (SELECT id FROM defi_token WHERE chain = 'avalanche' AND address = '0x9702230a8ea53601f5cd2dc00fdbc13d4df4a8c7'), (SELECT id FROM defi_token WHERE chain = 'avalanche' AND address = '0x5d3a1ff2b6bab83b63cd9ad0787074081a52ef34')),
  ('f5e3e5f9-2785-59f5-9a09-bd71c9e51a8c', '2a5bfc9b-7d9b-5303-a6e2-018e3b626d48', (SELECT id FROM defi_token WHERE chain = 'avalanche' AND address = '0x9702230a8ea53601f5cd2dc00fdbc13d4df4a8c7'), (SELECT id FROM defi_token WHERE chain = 'avalanche' AND address = '0x211cc4dd073734da055fbf44a2b4667d5e5fe5d2')),
  ('f511c302-7702-555c-88d9-ecc9f498d317', '2a5bfc9b-7d9b-5303-a6e2-018e3b626d48', (SELECT id FROM defi_token WHERE chain = 'avalanche' AND address = '0x9702230a8ea53601f5cd2dc00fdbc13d4df4a8c7'), (SELECT id FROM defi_token WHERE chain = 'avalanche' AND address = '0x7bfd4ca2a6cf3a3fddd645d10b323031afe47ff0')),
  ('c6313d10-19fb-596a-8a1b-026ae67a7196', '2a5bfc9b-7d9b-5303-a6e2-018e3b626d48', (SELECT id FROM defi_token WHERE chain = 'avalanche' AND address = '0x63a72806098bd3d9520cc43356dd78afe5d386d9'), (SELECT id FROM defi_token WHERE chain = 'avalanche' AND address = '0xd586e7f844cea2f87f50152665bcbc2c279d8d70')),
  ('71a60552-4942-5ef1-8e0d-edc11a83fc6d', '2a5bfc9b-7d9b-5303-a6e2-018e3b626d48', (SELECT id FROM defi_token WHERE chain = 'avalanche' AND address = '0x63a72806098bd3d9520cc43356dd78afe5d386d9'), (SELECT id FROM defi_token WHERE chain = 'avalanche' AND address = '0x5947bb275c521040051d82396192181b413227a3')),
  ('6e89fd62-10e1-5a08-804f-ffa2c2eb6e58', '2a5bfc9b-7d9b-5303-a6e2-018e3b626d48', (SELECT id FROM defi_token WHERE chain = 'avalanche' AND address = '0x63a72806098bd3d9520cc43356dd78afe5d386d9'), (SELECT id FROM defi_token WHERE chain = 'avalanche' AND address = '0xb97ef9ef8734c71904d8002f8b6bc66dd9c48a6e')),
  ('95c53567-4b64-566e-a834-8a6aeb856da3', '2a5bfc9b-7d9b-5303-a6e2-018e3b626d48', (SELECT id FROM defi_token WHERE chain = 'avalanche' AND address = '0x63a72806098bd3d9520cc43356dd78afe5d386d9'), (SELECT id FROM defi_token WHERE chain = 'avalanche' AND address = '0x50b7545627a5162f82a992c33b87adc75187b218')),
  ('a7b8e40a-41fa-5c01-bf8e-d52db5b4e87b', '2a5bfc9b-7d9b-5303-a6e2-018e3b626d48', (SELECT id FROM defi_token WHERE chain = 'avalanche' AND address = '0x63a72806098bd3d9520cc43356dd78afe5d386d9'), (SELECT id FROM defi_token WHERE chain = 'avalanche' AND address = '0x49d5c2bdffac6ce2bfdb6640f4f80f226bc10bab')),
  ('c1f06e6f-5a1b-5624-9b17-083f39e3fb5e', '2a5bfc9b-7d9b-5303-a6e2-018e3b626d48', (SELECT id FROM defi_token WHERE chain = 'avalanche' AND address = '0x63a72806098bd3d9520cc43356dd78afe5d386d9'), (SELECT id FROM defi_token WHERE chain = 'avalanche' AND address = '0x9702230a8ea53601f5cd2dc00fdbc13d4df4a8c7')),
  ('83597ba4-8495-58fd-ad7d-f644662f3c3c', '2a5bfc9b-7d9b-5303-a6e2-018e3b626d48', (SELECT id FROM defi_token WHERE chain = 'avalanche' AND address = '0x63a72806098bd3d9520cc43356dd78afe5d386d9'), (SELECT id FROM defi_token WHERE chain = 'avalanche' AND address = '0xb31f66aa3c1e785363f0875a1b74e27b85fd66c7')),
  ('2a88af1e-928f-53f6-b15f-1d501bab7ad5', '2a5bfc9b-7d9b-5303-a6e2-018e3b626d48', (SELECT id FROM defi_token WHERE chain = 'avalanche' AND address = '0x63a72806098bd3d9520cc43356dd78afe5d386d9'), (SELECT id FROM defi_token WHERE chain = 'avalanche' AND address = '0x2b2c81e08f1af8835a78bb2a90ae924ace0ea4be')),
  ('e681e4db-31b3-50f7-81f8-7096b331c6fc', '2a5bfc9b-7d9b-5303-a6e2-018e3b626d48', (SELECT id FROM defi_token WHERE chain = 'avalanche' AND address = '0x63a72806098bd3d9520cc43356dd78afe5d386d9'), (SELECT id FROM defi_token WHERE chain = 'avalanche' AND address = '0xd24c2ad096400b6fbcd2ad8b24e7acbc21a1da64')),
  ('7e1cd3eb-b8e8-50e4-a989-47e54ca65762', '2a5bfc9b-7d9b-5303-a6e2-018e3b626d48', (SELECT id FROM defi_token WHERE chain = 'avalanche' AND address = '0x63a72806098bd3d9520cc43356dd78afe5d386d9'), (SELECT id FROM defi_token WHERE chain = 'avalanche' AND address = '0x5c49b268c9841aff1cc3b0a418ff5c3442ee3f3b')),
  ('311fd044-60fe-5c1c-a7b5-8cd56e6f4452', '2a5bfc9b-7d9b-5303-a6e2-018e3b626d48', (SELECT id FROM defi_token WHERE chain = 'avalanche' AND address = '0x63a72806098bd3d9520cc43356dd78afe5d386d9'), (SELECT id FROM defi_token WHERE chain = 'avalanche' AND address = '0x152b9d0fdc40c096757f570a51e494bd4b943e50')),
  ('52c11f49-3ee6-5038-9bee-3b1dc91f0683', '2a5bfc9b-7d9b-5303-a6e2-018e3b626d48', (SELECT id FROM defi_token WHERE chain = 'avalanche' AND address = '0x63a72806098bd3d9520cc43356dd78afe5d386d9'), (SELECT id FROM defi_token WHERE chain = 'avalanche' AND address = '0x00000000efe302beaa2b3e6e1b18d08d69a9012a')),
  ('09bf6ef9-65e7-5c4e-bdc5-b9057a0a28f7', '2a5bfc9b-7d9b-5303-a6e2-018e3b626d48', (SELECT id FROM defi_token WHERE chain = 'avalanche' AND address = '0x63a72806098bd3d9520cc43356dd78afe5d386d9'), (SELECT id FROM defi_token WHERE chain = 'avalanche' AND address = '0xfc421ad3c883bf9e7c4f42de845c4e4405799e73')),
  ('6030fb7c-6282-5788-a761-5e2d462860d9', '2a5bfc9b-7d9b-5303-a6e2-018e3b626d48', (SELECT id FROM defi_token WHERE chain = 'avalanche' AND address = '0x63a72806098bd3d9520cc43356dd78afe5d386d9'), (SELECT id FROM defi_token WHERE chain = 'avalanche' AND address = '0xc891eb4cbdeff6e073e859e987815ed1505c2acd')),
  ('646774d1-a0cf-5a30-befe-3d6ff0ebeb0e', '2a5bfc9b-7d9b-5303-a6e2-018e3b626d48', (SELECT id FROM defi_token WHERE chain = 'avalanche' AND address = '0x63a72806098bd3d9520cc43356dd78afe5d386d9'), (SELECT id FROM defi_token WHERE chain = 'avalanche' AND address = '0x5d3a1ff2b6bab83b63cd9ad0787074081a52ef34')),
  ('1294d3db-3192-56fc-bf53-0261cba0bcfd', '2a5bfc9b-7d9b-5303-a6e2-018e3b626d48', (SELECT id FROM defi_token WHERE chain = 'avalanche' AND address = '0x63a72806098bd3d9520cc43356dd78afe5d386d9'), (SELECT id FROM defi_token WHERE chain = 'avalanche' AND address = '0x211cc4dd073734da055fbf44a2b4667d5e5fe5d2')),
  ('1f9195fc-5ab3-5085-aab5-030e0049a895', '2a5bfc9b-7d9b-5303-a6e2-018e3b626d48', (SELECT id FROM defi_token WHERE chain = 'avalanche' AND address = '0x63a72806098bd3d9520cc43356dd78afe5d386d9'), (SELECT id FROM defi_token WHERE chain = 'avalanche' AND address = '0x7bfd4ca2a6cf3a3fddd645d10b323031afe47ff0')),
  ('1d4c515e-0b39-5d1d-808c-00eaae2fa9bf', '2a5bfc9b-7d9b-5303-a6e2-018e3b626d48', (SELECT id FROM defi_token WHERE chain = 'avalanche' AND address = '0xb31f66aa3c1e785363f0875a1b74e27b85fd66c7'), (SELECT id FROM defi_token WHERE chain = 'avalanche' AND address = '0xd586e7f844cea2f87f50152665bcbc2c279d8d70')),
  ('6cfc9301-7732-5320-afc3-44cebee5cd12', '2a5bfc9b-7d9b-5303-a6e2-018e3b626d48', (SELECT id FROM defi_token WHERE chain = 'avalanche' AND address = '0xb31f66aa3c1e785363f0875a1b74e27b85fd66c7'), (SELECT id FROM defi_token WHERE chain = 'avalanche' AND address = '0x5947bb275c521040051d82396192181b413227a3')),
  ('0ce79380-2f0d-51e6-8c98-4126615fbd17', '2a5bfc9b-7d9b-5303-a6e2-018e3b626d48', (SELECT id FROM defi_token WHERE chain = 'avalanche' AND address = '0xb31f66aa3c1e785363f0875a1b74e27b85fd66c7'), (SELECT id FROM defi_token WHERE chain = 'avalanche' AND address = '0xb97ef9ef8734c71904d8002f8b6bc66dd9c48a6e')),
  ('aba4baa0-b43c-5c74-b624-485bccb583c2', '2a5bfc9b-7d9b-5303-a6e2-018e3b626d48', (SELECT id FROM defi_token WHERE chain = 'avalanche' AND address = '0xb31f66aa3c1e785363f0875a1b74e27b85fd66c7'), (SELECT id FROM defi_token WHERE chain = 'avalanche' AND address = '0x50b7545627a5162f82a992c33b87adc75187b218')),
  ('d6efd191-769a-55ba-a6fb-69c2c7f5c8c3', '2a5bfc9b-7d9b-5303-a6e2-018e3b626d48', (SELECT id FROM defi_token WHERE chain = 'avalanche' AND address = '0xb31f66aa3c1e785363f0875a1b74e27b85fd66c7'), (SELECT id FROM defi_token WHERE chain = 'avalanche' AND address = '0x49d5c2bdffac6ce2bfdb6640f4f80f226bc10bab')),
  ('1eed8f0a-2d52-5542-ab3c-2d700110c4cd', '2a5bfc9b-7d9b-5303-a6e2-018e3b626d48', (SELECT id FROM defi_token WHERE chain = 'avalanche' AND address = '0xb31f66aa3c1e785363f0875a1b74e27b85fd66c7'), (SELECT id FROM defi_token WHERE chain = 'avalanche' AND address = '0x9702230a8ea53601f5cd2dc00fdbc13d4df4a8c7')),
  ('db7be563-c180-5a1c-9e3d-c58f13c11b21', '2a5bfc9b-7d9b-5303-a6e2-018e3b626d48', (SELECT id FROM defi_token WHERE chain = 'avalanche' AND address = '0xb31f66aa3c1e785363f0875a1b74e27b85fd66c7'), (SELECT id FROM defi_token WHERE chain = 'avalanche' AND address = '0x63a72806098bd3d9520cc43356dd78afe5d386d9')),
  ('40b46a88-2495-5991-b0e8-b64b3f6c7378', '2a5bfc9b-7d9b-5303-a6e2-018e3b626d48', (SELECT id FROM defi_token WHERE chain = 'avalanche' AND address = '0xb31f66aa3c1e785363f0875a1b74e27b85fd66c7'), (SELECT id FROM defi_token WHERE chain = 'avalanche' AND address = '0x2b2c81e08f1af8835a78bb2a90ae924ace0ea4be')),
  ('3c820dad-d76d-5997-a01b-7806eda4f4ee', '2a5bfc9b-7d9b-5303-a6e2-018e3b626d48', (SELECT id FROM defi_token WHERE chain = 'avalanche' AND address = '0xb31f66aa3c1e785363f0875a1b74e27b85fd66c7'), (SELECT id FROM defi_token WHERE chain = 'avalanche' AND address = '0xd24c2ad096400b6fbcd2ad8b24e7acbc21a1da64')),
  ('955a7332-c388-5899-bf5d-108b9c2ff19d', '2a5bfc9b-7d9b-5303-a6e2-018e3b626d48', (SELECT id FROM defi_token WHERE chain = 'avalanche' AND address = '0xb31f66aa3c1e785363f0875a1b74e27b85fd66c7'), (SELECT id FROM defi_token WHERE chain = 'avalanche' AND address = '0x5c49b268c9841aff1cc3b0a418ff5c3442ee3f3b')),
  ('d12536d1-e0bf-59f3-88c0-7134505b4dca', '2a5bfc9b-7d9b-5303-a6e2-018e3b626d48', (SELECT id FROM defi_token WHERE chain = 'avalanche' AND address = '0xb31f66aa3c1e785363f0875a1b74e27b85fd66c7'), (SELECT id FROM defi_token WHERE chain = 'avalanche' AND address = '0x152b9d0fdc40c096757f570a51e494bd4b943e50')),
  ('ef6332f9-e7e8-5687-b79c-69d04782a841', '2a5bfc9b-7d9b-5303-a6e2-018e3b626d48', (SELECT id FROM defi_token WHERE chain = 'avalanche' AND address = '0xb31f66aa3c1e785363f0875a1b74e27b85fd66c7'), (SELECT id FROM defi_token WHERE chain = 'avalanche' AND address = '0x00000000efe302beaa2b3e6e1b18d08d69a9012a')),
  ('83f620b5-61fa-589f-bfe4-9c6b7706a11c', '2a5bfc9b-7d9b-5303-a6e2-018e3b626d48', (SELECT id FROM defi_token WHERE chain = 'avalanche' AND address = '0xb31f66aa3c1e785363f0875a1b74e27b85fd66c7'), (SELECT id FROM defi_token WHERE chain = 'avalanche' AND address = '0xfc421ad3c883bf9e7c4f42de845c4e4405799e73')),
  ('27966c84-9494-5898-baf1-65680ae64f97', '2a5bfc9b-7d9b-5303-a6e2-018e3b626d48', (SELECT id FROM defi_token WHERE chain = 'avalanche' AND address = '0xb31f66aa3c1e785363f0875a1b74e27b85fd66c7'), (SELECT id FROM defi_token WHERE chain = 'avalanche' AND address = '0xc891eb4cbdeff6e073e859e987815ed1505c2acd')),
  ('5a23ffa6-888f-584a-b822-ab9099610583', '2a5bfc9b-7d9b-5303-a6e2-018e3b626d48', (SELECT id FROM defi_token WHERE chain = 'avalanche' AND address = '0xb31f66aa3c1e785363f0875a1b74e27b85fd66c7'), (SELECT id FROM defi_token WHERE chain = 'avalanche' AND address = '0x5d3a1ff2b6bab83b63cd9ad0787074081a52ef34')),
  ('8a64a4db-a349-5c62-bd9f-84c677c81a30', '2a5bfc9b-7d9b-5303-a6e2-018e3b626d48', (SELECT id FROM defi_token WHERE chain = 'avalanche' AND address = '0xb31f66aa3c1e785363f0875a1b74e27b85fd66c7'), (SELECT id FROM defi_token WHERE chain = 'avalanche' AND address = '0x211cc4dd073734da055fbf44a2b4667d5e5fe5d2')),
  ('1c34974a-5f8c-585e-8814-65108aff348b', '2a5bfc9b-7d9b-5303-a6e2-018e3b626d48', (SELECT id FROM defi_token WHERE chain = 'avalanche' AND address = '0xb31f66aa3c1e785363f0875a1b74e27b85fd66c7'), (SELECT id FROM defi_token WHERE chain = 'avalanche' AND address = '0x7bfd4ca2a6cf3a3fddd645d10b323031afe47ff0')),
  ('71365bdd-d978-58c7-ae85-1704df12ffbb', '2a5bfc9b-7d9b-5303-a6e2-018e3b626d48', (SELECT id FROM defi_token WHERE chain = 'avalanche' AND address = '0x2b2c81e08f1af8835a78bb2a90ae924ace0ea4be'), (SELECT id FROM defi_token WHERE chain = 'avalanche' AND address = '0xd586e7f844cea2f87f50152665bcbc2c279d8d70')),
  ('09b7f2e3-8256-570c-bc97-89d9ff3bcf72', '2a5bfc9b-7d9b-5303-a6e2-018e3b626d48', (SELECT id FROM defi_token WHERE chain = 'avalanche' AND address = '0x2b2c81e08f1af8835a78bb2a90ae924ace0ea4be'), (SELECT id FROM defi_token WHERE chain = 'avalanche' AND address = '0x5947bb275c521040051d82396192181b413227a3')),
  ('4be612dc-aabd-5466-bf9c-e3fb68df5bc1', '2a5bfc9b-7d9b-5303-a6e2-018e3b626d48', (SELECT id FROM defi_token WHERE chain = 'avalanche' AND address = '0x2b2c81e08f1af8835a78bb2a90ae924ace0ea4be'), (SELECT id FROM defi_token WHERE chain = 'avalanche' AND address = '0xb97ef9ef8734c71904d8002f8b6bc66dd9c48a6e')),
  ('b26f9b9f-8c4e-5240-90d6-b3253b2f1553', '2a5bfc9b-7d9b-5303-a6e2-018e3b626d48', (SELECT id FROM defi_token WHERE chain = 'avalanche' AND address = '0x2b2c81e08f1af8835a78bb2a90ae924ace0ea4be'), (SELECT id FROM defi_token WHERE chain = 'avalanche' AND address = '0x50b7545627a5162f82a992c33b87adc75187b218')),
  ('d64cab9f-0805-510f-88c2-b34b01cba19b', '2a5bfc9b-7d9b-5303-a6e2-018e3b626d48', (SELECT id FROM defi_token WHERE chain = 'avalanche' AND address = '0x2b2c81e08f1af8835a78bb2a90ae924ace0ea4be'), (SELECT id FROM defi_token WHERE chain = 'avalanche' AND address = '0x49d5c2bdffac6ce2bfdb6640f4f80f226bc10bab')),
  ('f57bc078-5ab4-5e9d-9823-c6420f51cdb4', '2a5bfc9b-7d9b-5303-a6e2-018e3b626d48', (SELECT id FROM defi_token WHERE chain = 'avalanche' AND address = '0x2b2c81e08f1af8835a78bb2a90ae924ace0ea4be'), (SELECT id FROM defi_token WHERE chain = 'avalanche' AND address = '0x9702230a8ea53601f5cd2dc00fdbc13d4df4a8c7')),
  ('3c590ba5-b6eb-5e81-a502-110e10004c7a', '2a5bfc9b-7d9b-5303-a6e2-018e3b626d48', (SELECT id FROM defi_token WHERE chain = 'avalanche' AND address = '0x2b2c81e08f1af8835a78bb2a90ae924ace0ea4be'), (SELECT id FROM defi_token WHERE chain = 'avalanche' AND address = '0x63a72806098bd3d9520cc43356dd78afe5d386d9')),
  ('63a9d2c1-c124-5834-8d83-73b265b61380', '2a5bfc9b-7d9b-5303-a6e2-018e3b626d48', (SELECT id FROM defi_token WHERE chain = 'avalanche' AND address = '0x2b2c81e08f1af8835a78bb2a90ae924ace0ea4be'), (SELECT id FROM defi_token WHERE chain = 'avalanche' AND address = '0xb31f66aa3c1e785363f0875a1b74e27b85fd66c7')),
  ('fcf6cb58-a8e0-51db-85e1-f5f882e9abe5', '2a5bfc9b-7d9b-5303-a6e2-018e3b626d48', (SELECT id FROM defi_token WHERE chain = 'avalanche' AND address = '0x2b2c81e08f1af8835a78bb2a90ae924ace0ea4be'), (SELECT id FROM defi_token WHERE chain = 'avalanche' AND address = '0xd24c2ad096400b6fbcd2ad8b24e7acbc21a1da64')),
  ('14f2c5f7-0c74-5224-99fa-f216b806a5ee', '2a5bfc9b-7d9b-5303-a6e2-018e3b626d48', (SELECT id FROM defi_token WHERE chain = 'avalanche' AND address = '0x2b2c81e08f1af8835a78bb2a90ae924ace0ea4be'), (SELECT id FROM defi_token WHERE chain = 'avalanche' AND address = '0x5c49b268c9841aff1cc3b0a418ff5c3442ee3f3b')),
  ('fe65f412-85ad-53d7-b089-57decfeb0444', '2a5bfc9b-7d9b-5303-a6e2-018e3b626d48', (SELECT id FROM defi_token WHERE chain = 'avalanche' AND address = '0x2b2c81e08f1af8835a78bb2a90ae924ace0ea4be'), (SELECT id FROM defi_token WHERE chain = 'avalanche' AND address = '0x152b9d0fdc40c096757f570a51e494bd4b943e50')),
  ('a0dfd057-c9a5-5a2c-9978-e45415158c5c', '2a5bfc9b-7d9b-5303-a6e2-018e3b626d48', (SELECT id FROM defi_token WHERE chain = 'avalanche' AND address = '0x2b2c81e08f1af8835a78bb2a90ae924ace0ea4be'), (SELECT id FROM defi_token WHERE chain = 'avalanche' AND address = '0x00000000efe302beaa2b3e6e1b18d08d69a9012a')),
  ('a23acda2-ba26-5433-96c2-b5d69965aa67', '2a5bfc9b-7d9b-5303-a6e2-018e3b626d48', (SELECT id FROM defi_token WHERE chain = 'avalanche' AND address = '0x2b2c81e08f1af8835a78bb2a90ae924ace0ea4be'), (SELECT id FROM defi_token WHERE chain = 'avalanche' AND address = '0xfc421ad3c883bf9e7c4f42de845c4e4405799e73')),
  ('fa44af7c-066d-5594-8ae8-5dbd22d60f8a', '2a5bfc9b-7d9b-5303-a6e2-018e3b626d48', (SELECT id FROM defi_token WHERE chain = 'avalanche' AND address = '0x2b2c81e08f1af8835a78bb2a90ae924ace0ea4be'), (SELECT id FROM defi_token WHERE chain = 'avalanche' AND address = '0xc891eb4cbdeff6e073e859e987815ed1505c2acd')),
  ('ef5a2bd6-1570-5aaa-80f4-52f091f2a71d', '2a5bfc9b-7d9b-5303-a6e2-018e3b626d48', (SELECT id FROM defi_token WHERE chain = 'avalanche' AND address = '0x2b2c81e08f1af8835a78bb2a90ae924ace0ea4be'), (SELECT id FROM defi_token WHERE chain = 'avalanche' AND address = '0x5d3a1ff2b6bab83b63cd9ad0787074081a52ef34')),
  ('2fc7c93d-fd63-58b8-91a0-f26599eccf95', '2a5bfc9b-7d9b-5303-a6e2-018e3b626d48', (SELECT id FROM defi_token WHERE chain = 'avalanche' AND address = '0x2b2c81e08f1af8835a78bb2a90ae924ace0ea4be'), (SELECT id FROM defi_token WHERE chain = 'avalanche' AND address = '0x211cc4dd073734da055fbf44a2b4667d5e5fe5d2')),
  ('b14d0c5d-b1fe-54b2-bede-0daa1f290a22', '2a5bfc9b-7d9b-5303-a6e2-018e3b626d48', (SELECT id FROM defi_token WHERE chain = 'avalanche' AND address = '0x2b2c81e08f1af8835a78bb2a90ae924ace0ea4be'), (SELECT id FROM defi_token WHERE chain = 'avalanche' AND address = '0x7bfd4ca2a6cf3a3fddd645d10b323031afe47ff0')),
  ('ce4b65b6-5cd3-5bed-b8e5-75c8019b4267', '2a5bfc9b-7d9b-5303-a6e2-018e3b626d48', (SELECT id FROM defi_token WHERE chain = 'avalanche' AND address = '0xd24c2ad096400b6fbcd2ad8b24e7acbc21a1da64'), (SELECT id FROM defi_token WHERE chain = 'avalanche' AND address = '0xd586e7f844cea2f87f50152665bcbc2c279d8d70')),
  ('bdb82a9c-8cf3-5b9d-8cda-afa24b66f429', '2a5bfc9b-7d9b-5303-a6e2-018e3b626d48', (SELECT id FROM defi_token WHERE chain = 'avalanche' AND address = '0xd24c2ad096400b6fbcd2ad8b24e7acbc21a1da64'), (SELECT id FROM defi_token WHERE chain = 'avalanche' AND address = '0x5947bb275c521040051d82396192181b413227a3')),
  ('a3075d03-c0b6-5bb7-8619-8bc9a5f1a52d', '2a5bfc9b-7d9b-5303-a6e2-018e3b626d48', (SELECT id FROM defi_token WHERE chain = 'avalanche' AND address = '0xd24c2ad096400b6fbcd2ad8b24e7acbc21a1da64'), (SELECT id FROM defi_token WHERE chain = 'avalanche' AND address = '0xb97ef9ef8734c71904d8002f8b6bc66dd9c48a6e')),
  ('b1e770a9-fce4-5d6c-8ff1-32501454ee68', '2a5bfc9b-7d9b-5303-a6e2-018e3b626d48', (SELECT id FROM defi_token WHERE chain = 'avalanche' AND address = '0xd24c2ad096400b6fbcd2ad8b24e7acbc21a1da64'), (SELECT id FROM defi_token WHERE chain = 'avalanche' AND address = '0x50b7545627a5162f82a992c33b87adc75187b218')),
  ('d178ef19-c947-53e3-857a-e29a1c452b28', '2a5bfc9b-7d9b-5303-a6e2-018e3b626d48', (SELECT id FROM defi_token WHERE chain = 'avalanche' AND address = '0xd24c2ad096400b6fbcd2ad8b24e7acbc21a1da64'), (SELECT id FROM defi_token WHERE chain = 'avalanche' AND address = '0x49d5c2bdffac6ce2bfdb6640f4f80f226bc10bab')),
  ('9ac85cef-b374-50dc-893f-ef1cb6902125', '2a5bfc9b-7d9b-5303-a6e2-018e3b626d48', (SELECT id FROM defi_token WHERE chain = 'avalanche' AND address = '0xd24c2ad096400b6fbcd2ad8b24e7acbc21a1da64'), (SELECT id FROM defi_token WHERE chain = 'avalanche' AND address = '0x9702230a8ea53601f5cd2dc00fdbc13d4df4a8c7')),
  ('e47a61aa-bf44-5b7c-a2af-e2b8745487be', '2a5bfc9b-7d9b-5303-a6e2-018e3b626d48', (SELECT id FROM defi_token WHERE chain = 'avalanche' AND address = '0xd24c2ad096400b6fbcd2ad8b24e7acbc21a1da64'), (SELECT id FROM defi_token WHERE chain = 'avalanche' AND address = '0x63a72806098bd3d9520cc43356dd78afe5d386d9')),
  ('e9b0b869-b956-5e8c-9e52-f873986a10ba', '2a5bfc9b-7d9b-5303-a6e2-018e3b626d48', (SELECT id FROM defi_token WHERE chain = 'avalanche' AND address = '0xd24c2ad096400b6fbcd2ad8b24e7acbc21a1da64'), (SELECT id FROM defi_token WHERE chain = 'avalanche' AND address = '0xb31f66aa3c1e785363f0875a1b74e27b85fd66c7')),
  ('e6e6a010-6d1a-59d9-a510-68ff7f95d570', '2a5bfc9b-7d9b-5303-a6e2-018e3b626d48', (SELECT id FROM defi_token WHERE chain = 'avalanche' AND address = '0xd24c2ad096400b6fbcd2ad8b24e7acbc21a1da64'), (SELECT id FROM defi_token WHERE chain = 'avalanche' AND address = '0x2b2c81e08f1af8835a78bb2a90ae924ace0ea4be')),
  ('22a8652a-eac1-5779-96b7-6d37cac0bd2b', '2a5bfc9b-7d9b-5303-a6e2-018e3b626d48', (SELECT id FROM defi_token WHERE chain = 'avalanche' AND address = '0xd24c2ad096400b6fbcd2ad8b24e7acbc21a1da64'), (SELECT id FROM defi_token WHERE chain = 'avalanche' AND address = '0x5c49b268c9841aff1cc3b0a418ff5c3442ee3f3b')),
  ('e1124abc-7459-50b0-8d13-75acf8b4c948', '2a5bfc9b-7d9b-5303-a6e2-018e3b626d48', (SELECT id FROM defi_token WHERE chain = 'avalanche' AND address = '0xd24c2ad096400b6fbcd2ad8b24e7acbc21a1da64'), (SELECT id FROM defi_token WHERE chain = 'avalanche' AND address = '0x152b9d0fdc40c096757f570a51e494bd4b943e50')),
  ('5b8d4269-7848-5af5-8a3c-d4821d399237', '2a5bfc9b-7d9b-5303-a6e2-018e3b626d48', (SELECT id FROM defi_token WHERE chain = 'avalanche' AND address = '0xd24c2ad096400b6fbcd2ad8b24e7acbc21a1da64'), (SELECT id FROM defi_token WHERE chain = 'avalanche' AND address = '0x00000000efe302beaa2b3e6e1b18d08d69a9012a')),
  ('d056b312-0b0b-558b-a6f5-1ae54f283c67', '2a5bfc9b-7d9b-5303-a6e2-018e3b626d48', (SELECT id FROM defi_token WHERE chain = 'avalanche' AND address = '0xd24c2ad096400b6fbcd2ad8b24e7acbc21a1da64'), (SELECT id FROM defi_token WHERE chain = 'avalanche' AND address = '0xfc421ad3c883bf9e7c4f42de845c4e4405799e73')),
  ('d4154b2b-71d2-56e3-b0e0-9c14c1786ed8', '2a5bfc9b-7d9b-5303-a6e2-018e3b626d48', (SELECT id FROM defi_token WHERE chain = 'avalanche' AND address = '0xd24c2ad096400b6fbcd2ad8b24e7acbc21a1da64'), (SELECT id FROM defi_token WHERE chain = 'avalanche' AND address = '0xc891eb4cbdeff6e073e859e987815ed1505c2acd')),
  ('08cf45a7-ecc5-5e62-b955-2b7cd78a42bb', '2a5bfc9b-7d9b-5303-a6e2-018e3b626d48', (SELECT id FROM defi_token WHERE chain = 'avalanche' AND address = '0xd24c2ad096400b6fbcd2ad8b24e7acbc21a1da64'), (SELECT id FROM defi_token WHERE chain = 'avalanche' AND address = '0x5d3a1ff2b6bab83b63cd9ad0787074081a52ef34')),
  ('ed39a7fe-753f-5816-86bb-6ddf034e1007', '2a5bfc9b-7d9b-5303-a6e2-018e3b626d48', (SELECT id FROM defi_token WHERE chain = 'avalanche' AND address = '0xd24c2ad096400b6fbcd2ad8b24e7acbc21a1da64'), (SELECT id FROM defi_token WHERE chain = 'avalanche' AND address = '0x211cc4dd073734da055fbf44a2b4667d5e5fe5d2')),
  ('7d56ff0b-6671-520b-9890-3b0f40d99a7e', '2a5bfc9b-7d9b-5303-a6e2-018e3b626d48', (SELECT id FROM defi_token WHERE chain = 'avalanche' AND address = '0xd24c2ad096400b6fbcd2ad8b24e7acbc21a1da64'), (SELECT id FROM defi_token WHERE chain = 'avalanche' AND address = '0x7bfd4ca2a6cf3a3fddd645d10b323031afe47ff0')),
  ('16648352-5cb4-589a-9a6f-381e1e2a8259', '2a5bfc9b-7d9b-5303-a6e2-018e3b626d48', (SELECT id FROM defi_token WHERE chain = 'avalanche' AND address = '0x5c49b268c9841aff1cc3b0a418ff5c3442ee3f3b'), (SELECT id FROM defi_token WHERE chain = 'avalanche' AND address = '0xd586e7f844cea2f87f50152665bcbc2c279d8d70')),
  ('5998c18c-7006-513a-a84f-0081ddf8ee96', '2a5bfc9b-7d9b-5303-a6e2-018e3b626d48', (SELECT id FROM defi_token WHERE chain = 'avalanche' AND address = '0x5c49b268c9841aff1cc3b0a418ff5c3442ee3f3b'), (SELECT id FROM defi_token WHERE chain = 'avalanche' AND address = '0x5947bb275c521040051d82396192181b413227a3')),
  ('3a918ced-c467-5487-9a36-2938e1ff2113', '2a5bfc9b-7d9b-5303-a6e2-018e3b626d48', (SELECT id FROM defi_token WHERE chain = 'avalanche' AND address = '0x5c49b268c9841aff1cc3b0a418ff5c3442ee3f3b'), (SELECT id FROM defi_token WHERE chain = 'avalanche' AND address = '0xb97ef9ef8734c71904d8002f8b6bc66dd9c48a6e')),
  ('ba6696ca-290d-5609-a407-8b232cca5a42', '2a5bfc9b-7d9b-5303-a6e2-018e3b626d48', (SELECT id FROM defi_token WHERE chain = 'avalanche' AND address = '0x5c49b268c9841aff1cc3b0a418ff5c3442ee3f3b'), (SELECT id FROM defi_token WHERE chain = 'avalanche' AND address = '0x50b7545627a5162f82a992c33b87adc75187b218')),
  ('b610c092-c865-5f1d-91e9-e6b47093127f', '2a5bfc9b-7d9b-5303-a6e2-018e3b626d48', (SELECT id FROM defi_token WHERE chain = 'avalanche' AND address = '0x5c49b268c9841aff1cc3b0a418ff5c3442ee3f3b'), (SELECT id FROM defi_token WHERE chain = 'avalanche' AND address = '0x49d5c2bdffac6ce2bfdb6640f4f80f226bc10bab')),
  ('bebae144-0a1e-55ea-a7ae-e9168dc97e56', '2a5bfc9b-7d9b-5303-a6e2-018e3b626d48', (SELECT id FROM defi_token WHERE chain = 'avalanche' AND address = '0x5c49b268c9841aff1cc3b0a418ff5c3442ee3f3b'), (SELECT id FROM defi_token WHERE chain = 'avalanche' AND address = '0x9702230a8ea53601f5cd2dc00fdbc13d4df4a8c7')),
  ('6d89f2eb-2d56-5f18-b6f3-302b20b528c0', '2a5bfc9b-7d9b-5303-a6e2-018e3b626d48', (SELECT id FROM defi_token WHERE chain = 'avalanche' AND address = '0x5c49b268c9841aff1cc3b0a418ff5c3442ee3f3b'), (SELECT id FROM defi_token WHERE chain = 'avalanche' AND address = '0x63a72806098bd3d9520cc43356dd78afe5d386d9')),
  ('6e83dd64-5da9-5c7f-81dc-604ca4106038', '2a5bfc9b-7d9b-5303-a6e2-018e3b626d48', (SELECT id FROM defi_token WHERE chain = 'avalanche' AND address = '0x5c49b268c9841aff1cc3b0a418ff5c3442ee3f3b'), (SELECT id FROM defi_token WHERE chain = 'avalanche' AND address = '0xb31f66aa3c1e785363f0875a1b74e27b85fd66c7')),
  ('dad823b3-d6d3-5c3e-93f4-a025399d9a90', '2a5bfc9b-7d9b-5303-a6e2-018e3b626d48', (SELECT id FROM defi_token WHERE chain = 'avalanche' AND address = '0x5c49b268c9841aff1cc3b0a418ff5c3442ee3f3b'), (SELECT id FROM defi_token WHERE chain = 'avalanche' AND address = '0x2b2c81e08f1af8835a78bb2a90ae924ace0ea4be')),
  ('aff8c46f-5885-5ef8-9b4f-fd6b9db53bdb', '2a5bfc9b-7d9b-5303-a6e2-018e3b626d48', (SELECT id FROM defi_token WHERE chain = 'avalanche' AND address = '0x5c49b268c9841aff1cc3b0a418ff5c3442ee3f3b'), (SELECT id FROM defi_token WHERE chain = 'avalanche' AND address = '0xd24c2ad096400b6fbcd2ad8b24e7acbc21a1da64')),
  ('a38430af-8de5-500c-a26b-d0f8369d3c97', '2a5bfc9b-7d9b-5303-a6e2-018e3b626d48', (SELECT id FROM defi_token WHERE chain = 'avalanche' AND address = '0x5c49b268c9841aff1cc3b0a418ff5c3442ee3f3b'), (SELECT id FROM defi_token WHERE chain = 'avalanche' AND address = '0x152b9d0fdc40c096757f570a51e494bd4b943e50')),
  ('803e579d-0229-5cf3-8d5b-6ec6da1282c0', '2a5bfc9b-7d9b-5303-a6e2-018e3b626d48', (SELECT id FROM defi_token WHERE chain = 'avalanche' AND address = '0x5c49b268c9841aff1cc3b0a418ff5c3442ee3f3b'), (SELECT id FROM defi_token WHERE chain = 'avalanche' AND address = '0x00000000efe302beaa2b3e6e1b18d08d69a9012a')),
  ('a4b8bd2d-ea68-5870-8e7c-a581dbc0fde5', '2a5bfc9b-7d9b-5303-a6e2-018e3b626d48', (SELECT id FROM defi_token WHERE chain = 'avalanche' AND address = '0x5c49b268c9841aff1cc3b0a418ff5c3442ee3f3b'), (SELECT id FROM defi_token WHERE chain = 'avalanche' AND address = '0xfc421ad3c883bf9e7c4f42de845c4e4405799e73')),
  ('847f7e40-b584-5d31-a244-bb21bfdeefa9', '2a5bfc9b-7d9b-5303-a6e2-018e3b626d48', (SELECT id FROM defi_token WHERE chain = 'avalanche' AND address = '0x5c49b268c9841aff1cc3b0a418ff5c3442ee3f3b'), (SELECT id FROM defi_token WHERE chain = 'avalanche' AND address = '0xc891eb4cbdeff6e073e859e987815ed1505c2acd')),
  ('8bb65491-ee2c-5692-9b90-f3a651447986', '2a5bfc9b-7d9b-5303-a6e2-018e3b626d48', (SELECT id FROM defi_token WHERE chain = 'avalanche' AND address = '0x5c49b268c9841aff1cc3b0a418ff5c3442ee3f3b'), (SELECT id FROM defi_token WHERE chain = 'avalanche' AND address = '0x5d3a1ff2b6bab83b63cd9ad0787074081a52ef34')),
  ('5ed7a6f4-7754-52ac-a595-e391763f0c45', '2a5bfc9b-7d9b-5303-a6e2-018e3b626d48', (SELECT id FROM defi_token WHERE chain = 'avalanche' AND address = '0x5c49b268c9841aff1cc3b0a418ff5c3442ee3f3b'), (SELECT id FROM defi_token WHERE chain = 'avalanche' AND address = '0x211cc4dd073734da055fbf44a2b4667d5e5fe5d2')),
  ('58b3665c-32da-5abb-aaed-a635550b045c', '2a5bfc9b-7d9b-5303-a6e2-018e3b626d48', (SELECT id FROM defi_token WHERE chain = 'avalanche' AND address = '0x5c49b268c9841aff1cc3b0a418ff5c3442ee3f3b'), (SELECT id FROM defi_token WHERE chain = 'avalanche' AND address = '0x7bfd4ca2a6cf3a3fddd645d10b323031afe47ff0')),
  ('5bf31da4-e224-5f95-8cca-641b99939e1d', '2a5bfc9b-7d9b-5303-a6e2-018e3b626d48', (SELECT id FROM defi_token WHERE chain = 'avalanche' AND address = '0x152b9d0fdc40c096757f570a51e494bd4b943e50'), (SELECT id FROM defi_token WHERE chain = 'avalanche' AND address = '0xd586e7f844cea2f87f50152665bcbc2c279d8d70')),
  ('bc5e8aa7-b1f5-5c6e-81c1-782fd5c55231', '2a5bfc9b-7d9b-5303-a6e2-018e3b626d48', (SELECT id FROM defi_token WHERE chain = 'avalanche' AND address = '0x152b9d0fdc40c096757f570a51e494bd4b943e50'), (SELECT id FROM defi_token WHERE chain = 'avalanche' AND address = '0x5947bb275c521040051d82396192181b413227a3')),
  ('088aafb5-ea50-5229-b839-b182561c3f54', '2a5bfc9b-7d9b-5303-a6e2-018e3b626d48', (SELECT id FROM defi_token WHERE chain = 'avalanche' AND address = '0x152b9d0fdc40c096757f570a51e494bd4b943e50'), (SELECT id FROM defi_token WHERE chain = 'avalanche' AND address = '0xb97ef9ef8734c71904d8002f8b6bc66dd9c48a6e')),
  ('0920aba9-889b-56ba-b6d4-a0a16efc74e8', '2a5bfc9b-7d9b-5303-a6e2-018e3b626d48', (SELECT id FROM defi_token WHERE chain = 'avalanche' AND address = '0x152b9d0fdc40c096757f570a51e494bd4b943e50'), (SELECT id FROM defi_token WHERE chain = 'avalanche' AND address = '0x50b7545627a5162f82a992c33b87adc75187b218')),
  ('d3a6bcbf-a5f2-5dd5-bd43-bec418dd1dda', '2a5bfc9b-7d9b-5303-a6e2-018e3b626d48', (SELECT id FROM defi_token WHERE chain = 'avalanche' AND address = '0x152b9d0fdc40c096757f570a51e494bd4b943e50'), (SELECT id FROM defi_token WHERE chain = 'avalanche' AND address = '0x49d5c2bdffac6ce2bfdb6640f4f80f226bc10bab')),
  ('98cf751b-56a1-5ac3-a28d-7285b98b5c0e', '2a5bfc9b-7d9b-5303-a6e2-018e3b626d48', (SELECT id FROM defi_token WHERE chain = 'avalanche' AND address = '0x152b9d0fdc40c096757f570a51e494bd4b943e50'), (SELECT id FROM defi_token WHERE chain = 'avalanche' AND address = '0x9702230a8ea53601f5cd2dc00fdbc13d4df4a8c7')),
  ('4b7ff875-59da-5a5e-939e-a82396bc2b8e', '2a5bfc9b-7d9b-5303-a6e2-018e3b626d48', (SELECT id FROM defi_token WHERE chain = 'avalanche' AND address = '0x152b9d0fdc40c096757f570a51e494bd4b943e50'), (SELECT id FROM defi_token WHERE chain = 'avalanche' AND address = '0x63a72806098bd3d9520cc43356dd78afe5d386d9')),
  ('29e0a244-5dd8-5f32-85a7-f3d98f8070cc', '2a5bfc9b-7d9b-5303-a6e2-018e3b626d48', (SELECT id FROM defi_token WHERE chain = 'avalanche' AND address = '0x152b9d0fdc40c096757f570a51e494bd4b943e50'), (SELECT id FROM defi_token WHERE chain = 'avalanche' AND address = '0xb31f66aa3c1e785363f0875a1b74e27b85fd66c7')),
  ('2a36566c-5fa7-5566-8236-fdad42ececd5', '2a5bfc9b-7d9b-5303-a6e2-018e3b626d48', (SELECT id FROM defi_token WHERE chain = 'avalanche' AND address = '0x152b9d0fdc40c096757f570a51e494bd4b943e50'), (SELECT id FROM defi_token WHERE chain = 'avalanche' AND address = '0x2b2c81e08f1af8835a78bb2a90ae924ace0ea4be')),
  ('1131d622-e388-551f-8fbc-44cba63d8151', '2a5bfc9b-7d9b-5303-a6e2-018e3b626d48', (SELECT id FROM defi_token WHERE chain = 'avalanche' AND address = '0x152b9d0fdc40c096757f570a51e494bd4b943e50'), (SELECT id FROM defi_token WHERE chain = 'avalanche' AND address = '0xd24c2ad096400b6fbcd2ad8b24e7acbc21a1da64')),
  ('824b79a4-c1c9-562c-a9cc-77fbd9837cf2', '2a5bfc9b-7d9b-5303-a6e2-018e3b626d48', (SELECT id FROM defi_token WHERE chain = 'avalanche' AND address = '0x152b9d0fdc40c096757f570a51e494bd4b943e50'), (SELECT id FROM defi_token WHERE chain = 'avalanche' AND address = '0x5c49b268c9841aff1cc3b0a418ff5c3442ee3f3b')),
  ('9094b99b-5f4d-5374-8a6f-9aa492b97b23', '2a5bfc9b-7d9b-5303-a6e2-018e3b626d48', (SELECT id FROM defi_token WHERE chain = 'avalanche' AND address = '0x152b9d0fdc40c096757f570a51e494bd4b943e50'), (SELECT id FROM defi_token WHERE chain = 'avalanche' AND address = '0x00000000efe302beaa2b3e6e1b18d08d69a9012a')),
  ('ee3c3e34-55ec-5ee9-8246-ebc37108cf86', '2a5bfc9b-7d9b-5303-a6e2-018e3b626d48', (SELECT id FROM defi_token WHERE chain = 'avalanche' AND address = '0x152b9d0fdc40c096757f570a51e494bd4b943e50'), (SELECT id FROM defi_token WHERE chain = 'avalanche' AND address = '0xfc421ad3c883bf9e7c4f42de845c4e4405799e73')),
  ('bcdbea22-d078-5f74-90e8-b7d10477c2de', '2a5bfc9b-7d9b-5303-a6e2-018e3b626d48', (SELECT id FROM defi_token WHERE chain = 'avalanche' AND address = '0x152b9d0fdc40c096757f570a51e494bd4b943e50'), (SELECT id FROM defi_token WHERE chain = 'avalanche' AND address = '0xc891eb4cbdeff6e073e859e987815ed1505c2acd')),
  ('0328b99f-8436-59de-a36b-09399c8446f3', '2a5bfc9b-7d9b-5303-a6e2-018e3b626d48', (SELECT id FROM defi_token WHERE chain = 'avalanche' AND address = '0x152b9d0fdc40c096757f570a51e494bd4b943e50'), (SELECT id FROM defi_token WHERE chain = 'avalanche' AND address = '0x5d3a1ff2b6bab83b63cd9ad0787074081a52ef34')),
  ('5cacc282-0a6e-5d91-8ae4-eb72715407b1', '2a5bfc9b-7d9b-5303-a6e2-018e3b626d48', (SELECT id FROM defi_token WHERE chain = 'avalanche' AND address = '0x152b9d0fdc40c096757f570a51e494bd4b943e50'), (SELECT id FROM defi_token WHERE chain = 'avalanche' AND address = '0x211cc4dd073734da055fbf44a2b4667d5e5fe5d2')),
  ('b7ad0762-c32c-535a-bb20-e69223c7aabc', '2a5bfc9b-7d9b-5303-a6e2-018e3b626d48', (SELECT id FROM defi_token WHERE chain = 'avalanche' AND address = '0x152b9d0fdc40c096757f570a51e494bd4b943e50'), (SELECT id FROM defi_token WHERE chain = 'avalanche' AND address = '0x7bfd4ca2a6cf3a3fddd645d10b323031afe47ff0')),
  ('7257d8c3-95d6-5a10-917e-be5571afecc3', '2a5bfc9b-7d9b-5303-a6e2-018e3b626d48', (SELECT id FROM defi_token WHERE chain = 'avalanche' AND address = '0x00000000efe302beaa2b3e6e1b18d08d69a9012a'), (SELECT id FROM defi_token WHERE chain = 'avalanche' AND address = '0xd586e7f844cea2f87f50152665bcbc2c279d8d70')),
  ('9340bb97-39da-5863-8359-5c6f04abb851', '2a5bfc9b-7d9b-5303-a6e2-018e3b626d48', (SELECT id FROM defi_token WHERE chain = 'avalanche' AND address = '0x00000000efe302beaa2b3e6e1b18d08d69a9012a'), (SELECT id FROM defi_token WHERE chain = 'avalanche' AND address = '0x5947bb275c521040051d82396192181b413227a3')),
  ('bbd798e9-f633-5e23-9f9e-861035a860dd', '2a5bfc9b-7d9b-5303-a6e2-018e3b626d48', (SELECT id FROM defi_token WHERE chain = 'avalanche' AND address = '0x00000000efe302beaa2b3e6e1b18d08d69a9012a'), (SELECT id FROM defi_token WHERE chain = 'avalanche' AND address = '0xb97ef9ef8734c71904d8002f8b6bc66dd9c48a6e')),
  ('39454959-50ff-527a-914c-f8bcb8b23f8f', '2a5bfc9b-7d9b-5303-a6e2-018e3b626d48', (SELECT id FROM defi_token WHERE chain = 'avalanche' AND address = '0x00000000efe302beaa2b3e6e1b18d08d69a9012a'), (SELECT id FROM defi_token WHERE chain = 'avalanche' AND address = '0x50b7545627a5162f82a992c33b87adc75187b218')),
  ('da626503-86c8-5c6e-a56c-72a111d9f2a4', '2a5bfc9b-7d9b-5303-a6e2-018e3b626d48', (SELECT id FROM defi_token WHERE chain = 'avalanche' AND address = '0x00000000efe302beaa2b3e6e1b18d08d69a9012a'), (SELECT id FROM defi_token WHERE chain = 'avalanche' AND address = '0x49d5c2bdffac6ce2bfdb6640f4f80f226bc10bab')),
  ('6fa26a6c-bff7-5f83-85b9-2e61fe821958', '2a5bfc9b-7d9b-5303-a6e2-018e3b626d48', (SELECT id FROM defi_token WHERE chain = 'avalanche' AND address = '0x00000000efe302beaa2b3e6e1b18d08d69a9012a'), (SELECT id FROM defi_token WHERE chain = 'avalanche' AND address = '0x9702230a8ea53601f5cd2dc00fdbc13d4df4a8c7')),
  ('a930e227-4317-529b-a22e-8ae265ee3f30', '2a5bfc9b-7d9b-5303-a6e2-018e3b626d48', (SELECT id FROM defi_token WHERE chain = 'avalanche' AND address = '0x00000000efe302beaa2b3e6e1b18d08d69a9012a'), (SELECT id FROM defi_token WHERE chain = 'avalanche' AND address = '0x63a72806098bd3d9520cc43356dd78afe5d386d9')),
  ('7ee1bfbb-6929-59a1-b690-e4972a0b9a00', '2a5bfc9b-7d9b-5303-a6e2-018e3b626d48', (SELECT id FROM defi_token WHERE chain = 'avalanche' AND address = '0x00000000efe302beaa2b3e6e1b18d08d69a9012a'), (SELECT id FROM defi_token WHERE chain = 'avalanche' AND address = '0xb31f66aa3c1e785363f0875a1b74e27b85fd66c7')),
  ('8bd4a643-5f4b-53a4-8dfe-be4baa0f0f4f', '2a5bfc9b-7d9b-5303-a6e2-018e3b626d48', (SELECT id FROM defi_token WHERE chain = 'avalanche' AND address = '0x00000000efe302beaa2b3e6e1b18d08d69a9012a'), (SELECT id FROM defi_token WHERE chain = 'avalanche' AND address = '0x2b2c81e08f1af8835a78bb2a90ae924ace0ea4be')),
  ('2e0e9f74-92db-524d-ad8f-b098048f4a51', '2a5bfc9b-7d9b-5303-a6e2-018e3b626d48', (SELECT id FROM defi_token WHERE chain = 'avalanche' AND address = '0x00000000efe302beaa2b3e6e1b18d08d69a9012a'), (SELECT id FROM defi_token WHERE chain = 'avalanche' AND address = '0xd24c2ad096400b6fbcd2ad8b24e7acbc21a1da64')),
  ('616601b1-18e9-5432-bc02-97208dd6fff0', '2a5bfc9b-7d9b-5303-a6e2-018e3b626d48', (SELECT id FROM defi_token WHERE chain = 'avalanche' AND address = '0x00000000efe302beaa2b3e6e1b18d08d69a9012a'), (SELECT id FROM defi_token WHERE chain = 'avalanche' AND address = '0x5c49b268c9841aff1cc3b0a418ff5c3442ee3f3b')),
  ('e0de426f-e8f8-5341-bfdc-d45d215e4292', '2a5bfc9b-7d9b-5303-a6e2-018e3b626d48', (SELECT id FROM defi_token WHERE chain = 'avalanche' AND address = '0x00000000efe302beaa2b3e6e1b18d08d69a9012a'), (SELECT id FROM defi_token WHERE chain = 'avalanche' AND address = '0x152b9d0fdc40c096757f570a51e494bd4b943e50')),
  ('b6848e46-aa53-5c29-acee-259c5b4e079a', '2a5bfc9b-7d9b-5303-a6e2-018e3b626d48', (SELECT id FROM defi_token WHERE chain = 'avalanche' AND address = '0x00000000efe302beaa2b3e6e1b18d08d69a9012a'), (SELECT id FROM defi_token WHERE chain = 'avalanche' AND address = '0xfc421ad3c883bf9e7c4f42de845c4e4405799e73')),
  ('ad33a9d4-80a7-5703-9d20-fb35a17b1db2', '2a5bfc9b-7d9b-5303-a6e2-018e3b626d48', (SELECT id FROM defi_token WHERE chain = 'avalanche' AND address = '0x00000000efe302beaa2b3e6e1b18d08d69a9012a'), (SELECT id FROM defi_token WHERE chain = 'avalanche' AND address = '0xc891eb4cbdeff6e073e859e987815ed1505c2acd')),
  ('487e1b44-b851-519f-a694-7d71cd8c0c6a', '2a5bfc9b-7d9b-5303-a6e2-018e3b626d48', (SELECT id FROM defi_token WHERE chain = 'avalanche' AND address = '0x00000000efe302beaa2b3e6e1b18d08d69a9012a'), (SELECT id FROM defi_token WHERE chain = 'avalanche' AND address = '0x5d3a1ff2b6bab83b63cd9ad0787074081a52ef34')),
  ('a2d2b9a7-ab74-5fdc-9cb1-e24e1d92f947', '2a5bfc9b-7d9b-5303-a6e2-018e3b626d48', (SELECT id FROM defi_token WHERE chain = 'avalanche' AND address = '0x00000000efe302beaa2b3e6e1b18d08d69a9012a'), (SELECT id FROM defi_token WHERE chain = 'avalanche' AND address = '0x211cc4dd073734da055fbf44a2b4667d5e5fe5d2')),
  ('46f9605f-bb91-585b-b392-c7787a26e82c', '2a5bfc9b-7d9b-5303-a6e2-018e3b626d48', (SELECT id FROM defi_token WHERE chain = 'avalanche' AND address = '0x00000000efe302beaa2b3e6e1b18d08d69a9012a'), (SELECT id FROM defi_token WHERE chain = 'avalanche' AND address = '0x7bfd4ca2a6cf3a3fddd645d10b323031afe47ff0')),
  ('d7de7979-7155-5e6a-a2f6-97df0bc21012', '2a5bfc9b-7d9b-5303-a6e2-018e3b626d48', (SELECT id FROM defi_token WHERE chain = 'avalanche' AND address = '0xfc421ad3c883bf9e7c4f42de845c4e4405799e73'), (SELECT id FROM defi_token WHERE chain = 'avalanche' AND address = '0xd586e7f844cea2f87f50152665bcbc2c279d8d70')),
  ('158c9617-bb59-5a84-aca2-f775690cebd4', '2a5bfc9b-7d9b-5303-a6e2-018e3b626d48', (SELECT id FROM defi_token WHERE chain = 'avalanche' AND address = '0xfc421ad3c883bf9e7c4f42de845c4e4405799e73'), (SELECT id FROM defi_token WHERE chain = 'avalanche' AND address = '0x5947bb275c521040051d82396192181b413227a3')),
  ('f48b97aa-80af-5080-8ffd-2a8556740932', '2a5bfc9b-7d9b-5303-a6e2-018e3b626d48', (SELECT id FROM defi_token WHERE chain = 'avalanche' AND address = '0xfc421ad3c883bf9e7c4f42de845c4e4405799e73'), (SELECT id FROM defi_token WHERE chain = 'avalanche' AND address = '0xb97ef9ef8734c71904d8002f8b6bc66dd9c48a6e')),
  ('b60f65f4-3f1e-544b-b23b-ef3615e1f30d', '2a5bfc9b-7d9b-5303-a6e2-018e3b626d48', (SELECT id FROM defi_token WHERE chain = 'avalanche' AND address = '0xfc421ad3c883bf9e7c4f42de845c4e4405799e73'), (SELECT id FROM defi_token WHERE chain = 'avalanche' AND address = '0x50b7545627a5162f82a992c33b87adc75187b218')),
  ('6da1ee0a-eeba-50e6-ad06-2120c66c8971', '2a5bfc9b-7d9b-5303-a6e2-018e3b626d48', (SELECT id FROM defi_token WHERE chain = 'avalanche' AND address = '0xfc421ad3c883bf9e7c4f42de845c4e4405799e73'), (SELECT id FROM defi_token WHERE chain = 'avalanche' AND address = '0x49d5c2bdffac6ce2bfdb6640f4f80f226bc10bab')),
  ('4144546b-d5ff-573f-a442-c5feea0d87f7', '2a5bfc9b-7d9b-5303-a6e2-018e3b626d48', (SELECT id FROM defi_token WHERE chain = 'avalanche' AND address = '0xfc421ad3c883bf9e7c4f42de845c4e4405799e73'), (SELECT id FROM defi_token WHERE chain = 'avalanche' AND address = '0x9702230a8ea53601f5cd2dc00fdbc13d4df4a8c7')),
  ('b2b3e9e5-091d-5088-b2ec-f53e04770bf6', '2a5bfc9b-7d9b-5303-a6e2-018e3b626d48', (SELECT id FROM defi_token WHERE chain = 'avalanche' AND address = '0xfc421ad3c883bf9e7c4f42de845c4e4405799e73'), (SELECT id FROM defi_token WHERE chain = 'avalanche' AND address = '0x63a72806098bd3d9520cc43356dd78afe5d386d9')),
  ('67c40198-2e83-548c-92c8-d3b42297e003', '2a5bfc9b-7d9b-5303-a6e2-018e3b626d48', (SELECT id FROM defi_token WHERE chain = 'avalanche' AND address = '0xfc421ad3c883bf9e7c4f42de845c4e4405799e73'), (SELECT id FROM defi_token WHERE chain = 'avalanche' AND address = '0xb31f66aa3c1e785363f0875a1b74e27b85fd66c7')),
  ('907117cf-5a1a-5693-a945-90475f6c9838', '2a5bfc9b-7d9b-5303-a6e2-018e3b626d48', (SELECT id FROM defi_token WHERE chain = 'avalanche' AND address = '0xfc421ad3c883bf9e7c4f42de845c4e4405799e73'), (SELECT id FROM defi_token WHERE chain = 'avalanche' AND address = '0x2b2c81e08f1af8835a78bb2a90ae924ace0ea4be')),
  ('56023f1f-682d-55bb-8822-d66664836f93', '2a5bfc9b-7d9b-5303-a6e2-018e3b626d48', (SELECT id FROM defi_token WHERE chain = 'avalanche' AND address = '0xfc421ad3c883bf9e7c4f42de845c4e4405799e73'), (SELECT id FROM defi_token WHERE chain = 'avalanche' AND address = '0xd24c2ad096400b6fbcd2ad8b24e7acbc21a1da64')),
  ('223e8ff9-1054-50f2-9bbb-ac62ba70ae33', '2a5bfc9b-7d9b-5303-a6e2-018e3b626d48', (SELECT id FROM defi_token WHERE chain = 'avalanche' AND address = '0xfc421ad3c883bf9e7c4f42de845c4e4405799e73'), (SELECT id FROM defi_token WHERE chain = 'avalanche' AND address = '0x5c49b268c9841aff1cc3b0a418ff5c3442ee3f3b')),
  ('505fa551-5ea1-5c9f-9fd3-c22ec5af6939', '2a5bfc9b-7d9b-5303-a6e2-018e3b626d48', (SELECT id FROM defi_token WHERE chain = 'avalanche' AND address = '0xfc421ad3c883bf9e7c4f42de845c4e4405799e73'), (SELECT id FROM defi_token WHERE chain = 'avalanche' AND address = '0x152b9d0fdc40c096757f570a51e494bd4b943e50')),
  ('7dedbc4f-691c-5bf7-98b3-6db0deed140b', '2a5bfc9b-7d9b-5303-a6e2-018e3b626d48', (SELECT id FROM defi_token WHERE chain = 'avalanche' AND address = '0xfc421ad3c883bf9e7c4f42de845c4e4405799e73'), (SELECT id FROM defi_token WHERE chain = 'avalanche' AND address = '0x00000000efe302beaa2b3e6e1b18d08d69a9012a')),
  ('40bc2329-be00-5128-8b55-cc392a823126', '2a5bfc9b-7d9b-5303-a6e2-018e3b626d48', (SELECT id FROM defi_token WHERE chain = 'avalanche' AND address = '0xfc421ad3c883bf9e7c4f42de845c4e4405799e73'), (SELECT id FROM defi_token WHERE chain = 'avalanche' AND address = '0xc891eb4cbdeff6e073e859e987815ed1505c2acd')),
  ('6c86284b-1f48-5381-b626-b88e0ede754c', '2a5bfc9b-7d9b-5303-a6e2-018e3b626d48', (SELECT id FROM defi_token WHERE chain = 'avalanche' AND address = '0xfc421ad3c883bf9e7c4f42de845c4e4405799e73'), (SELECT id FROM defi_token WHERE chain = 'avalanche' AND address = '0x5d3a1ff2b6bab83b63cd9ad0787074081a52ef34')),
  ('6deb0fa3-6d7d-5b41-840e-47dba73dfc08', '2a5bfc9b-7d9b-5303-a6e2-018e3b626d48', (SELECT id FROM defi_token WHERE chain = 'avalanche' AND address = '0xfc421ad3c883bf9e7c4f42de845c4e4405799e73'), (SELECT id FROM defi_token WHERE chain = 'avalanche' AND address = '0x211cc4dd073734da055fbf44a2b4667d5e5fe5d2')),
  ('cd63b2a8-1492-5734-8ad1-9cdd762d080e', '2a5bfc9b-7d9b-5303-a6e2-018e3b626d48', (SELECT id FROM defi_token WHERE chain = 'avalanche' AND address = '0xfc421ad3c883bf9e7c4f42de845c4e4405799e73'), (SELECT id FROM defi_token WHERE chain = 'avalanche' AND address = '0x7bfd4ca2a6cf3a3fddd645d10b323031afe47ff0')),
  ('297da8de-d778-566c-92d1-4739706bf0df', '2a5bfc9b-7d9b-5303-a6e2-018e3b626d48', (SELECT id FROM defi_token WHERE chain = 'avalanche' AND address = '0xc891eb4cbdeff6e073e859e987815ed1505c2acd'), (SELECT id FROM defi_token WHERE chain = 'avalanche' AND address = '0xd586e7f844cea2f87f50152665bcbc2c279d8d70')),
  ('50292956-7a4d-5731-92a5-3108b8529d10', '2a5bfc9b-7d9b-5303-a6e2-018e3b626d48', (SELECT id FROM defi_token WHERE chain = 'avalanche' AND address = '0xc891eb4cbdeff6e073e859e987815ed1505c2acd'), (SELECT id FROM defi_token WHERE chain = 'avalanche' AND address = '0x5947bb275c521040051d82396192181b413227a3')),
  ('02f1dbb4-ddb8-53a1-a896-25fcf97a0c3b', '2a5bfc9b-7d9b-5303-a6e2-018e3b626d48', (SELECT id FROM defi_token WHERE chain = 'avalanche' AND address = '0xc891eb4cbdeff6e073e859e987815ed1505c2acd'), (SELECT id FROM defi_token WHERE chain = 'avalanche' AND address = '0xb97ef9ef8734c71904d8002f8b6bc66dd9c48a6e')),
  ('5ad92631-31bf-5da4-bf85-14c5c01fde45', '2a5bfc9b-7d9b-5303-a6e2-018e3b626d48', (SELECT id FROM defi_token WHERE chain = 'avalanche' AND address = '0xc891eb4cbdeff6e073e859e987815ed1505c2acd'), (SELECT id FROM defi_token WHERE chain = 'avalanche' AND address = '0x50b7545627a5162f82a992c33b87adc75187b218')),
  ('190faee8-2dca-5c8b-ba7a-f8f38ca8d704', '2a5bfc9b-7d9b-5303-a6e2-018e3b626d48', (SELECT id FROM defi_token WHERE chain = 'avalanche' AND address = '0xc891eb4cbdeff6e073e859e987815ed1505c2acd'), (SELECT id FROM defi_token WHERE chain = 'avalanche' AND address = '0x49d5c2bdffac6ce2bfdb6640f4f80f226bc10bab')),
  ('435424fc-dda4-5c48-8be2-448e50696e1e', '2a5bfc9b-7d9b-5303-a6e2-018e3b626d48', (SELECT id FROM defi_token WHERE chain = 'avalanche' AND address = '0xc891eb4cbdeff6e073e859e987815ed1505c2acd'), (SELECT id FROM defi_token WHERE chain = 'avalanche' AND address = '0x9702230a8ea53601f5cd2dc00fdbc13d4df4a8c7')),
  ('ede169c1-736f-5bc4-8f0e-f9c05eca07ef', '2a5bfc9b-7d9b-5303-a6e2-018e3b626d48', (SELECT id FROM defi_token WHERE chain = 'avalanche' AND address = '0xc891eb4cbdeff6e073e859e987815ed1505c2acd'), (SELECT id FROM defi_token WHERE chain = 'avalanche' AND address = '0x63a72806098bd3d9520cc43356dd78afe5d386d9')),
  ('2ab04bc3-473d-58b5-89d7-2a1d3685f010', '2a5bfc9b-7d9b-5303-a6e2-018e3b626d48', (SELECT id FROM defi_token WHERE chain = 'avalanche' AND address = '0xc891eb4cbdeff6e073e859e987815ed1505c2acd'), (SELECT id FROM defi_token WHERE chain = 'avalanche' AND address = '0xb31f66aa3c1e785363f0875a1b74e27b85fd66c7')),
  ('78084def-670b-52cf-b7c1-8c35d240951e', '2a5bfc9b-7d9b-5303-a6e2-018e3b626d48', (SELECT id FROM defi_token WHERE chain = 'avalanche' AND address = '0xc891eb4cbdeff6e073e859e987815ed1505c2acd'), (SELECT id FROM defi_token WHERE chain = 'avalanche' AND address = '0x2b2c81e08f1af8835a78bb2a90ae924ace0ea4be')),
  ('913bd84a-547f-540a-853d-a48b98e5b769', '2a5bfc9b-7d9b-5303-a6e2-018e3b626d48', (SELECT id FROM defi_token WHERE chain = 'avalanche' AND address = '0xc891eb4cbdeff6e073e859e987815ed1505c2acd'), (SELECT id FROM defi_token WHERE chain = 'avalanche' AND address = '0xd24c2ad096400b6fbcd2ad8b24e7acbc21a1da64')),
  ('2c2f9bea-764c-501f-8ef7-50719a849246', '2a5bfc9b-7d9b-5303-a6e2-018e3b626d48', (SELECT id FROM defi_token WHERE chain = 'avalanche' AND address = '0xc891eb4cbdeff6e073e859e987815ed1505c2acd'), (SELECT id FROM defi_token WHERE chain = 'avalanche' AND address = '0x5c49b268c9841aff1cc3b0a418ff5c3442ee3f3b')),
  ('46dbdbff-8b42-5da4-bdfb-4bfd38db04a1', '2a5bfc9b-7d9b-5303-a6e2-018e3b626d48', (SELECT id FROM defi_token WHERE chain = 'avalanche' AND address = '0xc891eb4cbdeff6e073e859e987815ed1505c2acd'), (SELECT id FROM defi_token WHERE chain = 'avalanche' AND address = '0x152b9d0fdc40c096757f570a51e494bd4b943e50')),
  ('75060de9-ddb2-58ac-89e5-e00a7dfc8dcb', '2a5bfc9b-7d9b-5303-a6e2-018e3b626d48', (SELECT id FROM defi_token WHERE chain = 'avalanche' AND address = '0xc891eb4cbdeff6e073e859e987815ed1505c2acd'), (SELECT id FROM defi_token WHERE chain = 'avalanche' AND address = '0x00000000efe302beaa2b3e6e1b18d08d69a9012a')),
  ('fa948cec-26a3-5b96-ace3-0672ac21ebe3', '2a5bfc9b-7d9b-5303-a6e2-018e3b626d48', (SELECT id FROM defi_token WHERE chain = 'avalanche' AND address = '0xc891eb4cbdeff6e073e859e987815ed1505c2acd'), (SELECT id FROM defi_token WHERE chain = 'avalanche' AND address = '0xfc421ad3c883bf9e7c4f42de845c4e4405799e73')),
  ('14231916-f3a6-5c1f-9c89-6bb22fd9381a', '2a5bfc9b-7d9b-5303-a6e2-018e3b626d48', (SELECT id FROM defi_token WHERE chain = 'avalanche' AND address = '0xc891eb4cbdeff6e073e859e987815ed1505c2acd'), (SELECT id FROM defi_token WHERE chain = 'avalanche' AND address = '0x5d3a1ff2b6bab83b63cd9ad0787074081a52ef34')),
  ('f2d4974d-bfaa-5278-9f26-831b5c6c31dc', '2a5bfc9b-7d9b-5303-a6e2-018e3b626d48', (SELECT id FROM defi_token WHERE chain = 'avalanche' AND address = '0xc891eb4cbdeff6e073e859e987815ed1505c2acd'), (SELECT id FROM defi_token WHERE chain = 'avalanche' AND address = '0x211cc4dd073734da055fbf44a2b4667d5e5fe5d2')),
  ('e485216f-fdaf-577f-bc2f-76c55987d521', '2a5bfc9b-7d9b-5303-a6e2-018e3b626d48', (SELECT id FROM defi_token WHERE chain = 'avalanche' AND address = '0xc891eb4cbdeff6e073e859e987815ed1505c2acd'), (SELECT id FROM defi_token WHERE chain = 'avalanche' AND address = '0x7bfd4ca2a6cf3a3fddd645d10b323031afe47ff0')),
  ('e996ce34-2ad7-57bf-9405-4b955e07f020', '2a5bfc9b-7d9b-5303-a6e2-018e3b626d48', (SELECT id FROM defi_token WHERE chain = 'avalanche' AND address = '0x5d3a1ff2b6bab83b63cd9ad0787074081a52ef34'), (SELECT id FROM defi_token WHERE chain = 'avalanche' AND address = '0xd586e7f844cea2f87f50152665bcbc2c279d8d70')),
  ('b40722c7-2265-500d-8495-c5833728e3e9', '2a5bfc9b-7d9b-5303-a6e2-018e3b626d48', (SELECT id FROM defi_token WHERE chain = 'avalanche' AND address = '0x5d3a1ff2b6bab83b63cd9ad0787074081a52ef34'), (SELECT id FROM defi_token WHERE chain = 'avalanche' AND address = '0x5947bb275c521040051d82396192181b413227a3')),
  ('488603ef-c999-59fc-8ffb-364eddb6dc0a', '2a5bfc9b-7d9b-5303-a6e2-018e3b626d48', (SELECT id FROM defi_token WHERE chain = 'avalanche' AND address = '0x5d3a1ff2b6bab83b63cd9ad0787074081a52ef34'), (SELECT id FROM defi_token WHERE chain = 'avalanche' AND address = '0xb97ef9ef8734c71904d8002f8b6bc66dd9c48a6e')),
  ('d0c9883f-96ee-56e1-a074-2c7a3d60821b', '2a5bfc9b-7d9b-5303-a6e2-018e3b626d48', (SELECT id FROM defi_token WHERE chain = 'avalanche' AND address = '0x5d3a1ff2b6bab83b63cd9ad0787074081a52ef34'), (SELECT id FROM defi_token WHERE chain = 'avalanche' AND address = '0x50b7545627a5162f82a992c33b87adc75187b218')),
  ('47d3cdd3-9009-5c9b-b450-f1970027482b', '2a5bfc9b-7d9b-5303-a6e2-018e3b626d48', (SELECT id FROM defi_token WHERE chain = 'avalanche' AND address = '0x5d3a1ff2b6bab83b63cd9ad0787074081a52ef34'), (SELECT id FROM defi_token WHERE chain = 'avalanche' AND address = '0x49d5c2bdffac6ce2bfdb6640f4f80f226bc10bab')),
  ('53147123-d173-5d23-b8da-57663c02d3df', '2a5bfc9b-7d9b-5303-a6e2-018e3b626d48', (SELECT id FROM defi_token WHERE chain = 'avalanche' AND address = '0x5d3a1ff2b6bab83b63cd9ad0787074081a52ef34'), (SELECT id FROM defi_token WHERE chain = 'avalanche' AND address = '0x9702230a8ea53601f5cd2dc00fdbc13d4df4a8c7')),
  ('99d918d2-2703-569b-af5e-aef75c31b564', '2a5bfc9b-7d9b-5303-a6e2-018e3b626d48', (SELECT id FROM defi_token WHERE chain = 'avalanche' AND address = '0x5d3a1ff2b6bab83b63cd9ad0787074081a52ef34'), (SELECT id FROM defi_token WHERE chain = 'avalanche' AND address = '0x63a72806098bd3d9520cc43356dd78afe5d386d9')),
  ('faf5649b-5c7d-5dd4-9061-a7332c1fee26', '2a5bfc9b-7d9b-5303-a6e2-018e3b626d48', (SELECT id FROM defi_token WHERE chain = 'avalanche' AND address = '0x5d3a1ff2b6bab83b63cd9ad0787074081a52ef34'), (SELECT id FROM defi_token WHERE chain = 'avalanche' AND address = '0xb31f66aa3c1e785363f0875a1b74e27b85fd66c7')),
  ('cf7626b4-815e-5b32-bab7-ac4b3b3036ee', '2a5bfc9b-7d9b-5303-a6e2-018e3b626d48', (SELECT id FROM defi_token WHERE chain = 'avalanche' AND address = '0x5d3a1ff2b6bab83b63cd9ad0787074081a52ef34'), (SELECT id FROM defi_token WHERE chain = 'avalanche' AND address = '0x2b2c81e08f1af8835a78bb2a90ae924ace0ea4be')),
  ('592c6b7f-4611-53c0-8f22-5b107dbbda96', '2a5bfc9b-7d9b-5303-a6e2-018e3b626d48', (SELECT id FROM defi_token WHERE chain = 'avalanche' AND address = '0x5d3a1ff2b6bab83b63cd9ad0787074081a52ef34'), (SELECT id FROM defi_token WHERE chain = 'avalanche' AND address = '0xd24c2ad096400b6fbcd2ad8b24e7acbc21a1da64')),
  ('96681aac-0940-5d23-90c2-47136d59695f', '2a5bfc9b-7d9b-5303-a6e2-018e3b626d48', (SELECT id FROM defi_token WHERE chain = 'avalanche' AND address = '0x5d3a1ff2b6bab83b63cd9ad0787074081a52ef34'), (SELECT id FROM defi_token WHERE chain = 'avalanche' AND address = '0x5c49b268c9841aff1cc3b0a418ff5c3442ee3f3b')),
  ('aee51aa3-98b1-59b9-94a2-f45be23df548', '2a5bfc9b-7d9b-5303-a6e2-018e3b626d48', (SELECT id FROM defi_token WHERE chain = 'avalanche' AND address = '0x5d3a1ff2b6bab83b63cd9ad0787074081a52ef34'), (SELECT id FROM defi_token WHERE chain = 'avalanche' AND address = '0x152b9d0fdc40c096757f570a51e494bd4b943e50')),
  ('dc316eb5-8d42-585b-93f3-5624d1818302', '2a5bfc9b-7d9b-5303-a6e2-018e3b626d48', (SELECT id FROM defi_token WHERE chain = 'avalanche' AND address = '0x5d3a1ff2b6bab83b63cd9ad0787074081a52ef34'), (SELECT id FROM defi_token WHERE chain = 'avalanche' AND address = '0x00000000efe302beaa2b3e6e1b18d08d69a9012a')),
  ('f21badbb-ff22-5f31-a007-1c42976805d2', '2a5bfc9b-7d9b-5303-a6e2-018e3b626d48', (SELECT id FROM defi_token WHERE chain = 'avalanche' AND address = '0x5d3a1ff2b6bab83b63cd9ad0787074081a52ef34'), (SELECT id FROM defi_token WHERE chain = 'avalanche' AND address = '0xfc421ad3c883bf9e7c4f42de845c4e4405799e73')),
  ('f42f9859-dcb5-586e-9525-1bcfd9aab85f', '2a5bfc9b-7d9b-5303-a6e2-018e3b626d48', (SELECT id FROM defi_token WHERE chain = 'avalanche' AND address = '0x5d3a1ff2b6bab83b63cd9ad0787074081a52ef34'), (SELECT id FROM defi_token WHERE chain = 'avalanche' AND address = '0xc891eb4cbdeff6e073e859e987815ed1505c2acd')),
  ('906884af-14d3-5849-a183-d088a0eae59f', '2a5bfc9b-7d9b-5303-a6e2-018e3b626d48', (SELECT id FROM defi_token WHERE chain = 'avalanche' AND address = '0x5d3a1ff2b6bab83b63cd9ad0787074081a52ef34'), (SELECT id FROM defi_token WHERE chain = 'avalanche' AND address = '0x211cc4dd073734da055fbf44a2b4667d5e5fe5d2')),
  ('a072034a-192f-586b-a22f-13065ad93871', '2a5bfc9b-7d9b-5303-a6e2-018e3b626d48', (SELECT id FROM defi_token WHERE chain = 'avalanche' AND address = '0x5d3a1ff2b6bab83b63cd9ad0787074081a52ef34'), (SELECT id FROM defi_token WHERE chain = 'avalanche' AND address = '0x7bfd4ca2a6cf3a3fddd645d10b323031afe47ff0')),
  ('e662537b-21fd-59bf-b64c-9807bfe866e4', '2a5bfc9b-7d9b-5303-a6e2-018e3b626d48', (SELECT id FROM defi_token WHERE chain = 'avalanche' AND address = '0x211cc4dd073734da055fbf44a2b4667d5e5fe5d2'), (SELECT id FROM defi_token WHERE chain = 'avalanche' AND address = '0xd586e7f844cea2f87f50152665bcbc2c279d8d70')),
  ('ad07dcbf-7e78-5951-be52-b901612c80b3', '2a5bfc9b-7d9b-5303-a6e2-018e3b626d48', (SELECT id FROM defi_token WHERE chain = 'avalanche' AND address = '0x211cc4dd073734da055fbf44a2b4667d5e5fe5d2'), (SELECT id FROM defi_token WHERE chain = 'avalanche' AND address = '0x5947bb275c521040051d82396192181b413227a3')),
  ('e14e1e24-5dec-5874-87fd-2a9f00ed0140', '2a5bfc9b-7d9b-5303-a6e2-018e3b626d48', (SELECT id FROM defi_token WHERE chain = 'avalanche' AND address = '0x211cc4dd073734da055fbf44a2b4667d5e5fe5d2'), (SELECT id FROM defi_token WHERE chain = 'avalanche' AND address = '0xb97ef9ef8734c71904d8002f8b6bc66dd9c48a6e')),
  ('83581f83-ffe8-55aa-8842-676a30af8199', '2a5bfc9b-7d9b-5303-a6e2-018e3b626d48', (SELECT id FROM defi_token WHERE chain = 'avalanche' AND address = '0x211cc4dd073734da055fbf44a2b4667d5e5fe5d2'), (SELECT id FROM defi_token WHERE chain = 'avalanche' AND address = '0x50b7545627a5162f82a992c33b87adc75187b218')),
  ('c5cee7bd-5efb-57e6-980a-3dcc0c136883', '2a5bfc9b-7d9b-5303-a6e2-018e3b626d48', (SELECT id FROM defi_token WHERE chain = 'avalanche' AND address = '0x211cc4dd073734da055fbf44a2b4667d5e5fe5d2'), (SELECT id FROM defi_token WHERE chain = 'avalanche' AND address = '0x49d5c2bdffac6ce2bfdb6640f4f80f226bc10bab')),
  ('7f038e6e-5a87-5e89-aa4b-e3112a1fd937', '2a5bfc9b-7d9b-5303-a6e2-018e3b626d48', (SELECT id FROM defi_token WHERE chain = 'avalanche' AND address = '0x211cc4dd073734da055fbf44a2b4667d5e5fe5d2'), (SELECT id FROM defi_token WHERE chain = 'avalanche' AND address = '0x9702230a8ea53601f5cd2dc00fdbc13d4df4a8c7')),
  ('b57dc87c-3359-59fb-82df-a04eae87bc46', '2a5bfc9b-7d9b-5303-a6e2-018e3b626d48', (SELECT id FROM defi_token WHERE chain = 'avalanche' AND address = '0x211cc4dd073734da055fbf44a2b4667d5e5fe5d2'), (SELECT id FROM defi_token WHERE chain = 'avalanche' AND address = '0x63a72806098bd3d9520cc43356dd78afe5d386d9')),
  ('744f08bf-9a2b-5569-9569-dbac09b8997e', '2a5bfc9b-7d9b-5303-a6e2-018e3b626d48', (SELECT id FROM defi_token WHERE chain = 'avalanche' AND address = '0x211cc4dd073734da055fbf44a2b4667d5e5fe5d2'), (SELECT id FROM defi_token WHERE chain = 'avalanche' AND address = '0xb31f66aa3c1e785363f0875a1b74e27b85fd66c7')),
  ('bbd6e6d8-dce7-57a4-a4c1-35d66a7449b7', '2a5bfc9b-7d9b-5303-a6e2-018e3b626d48', (SELECT id FROM defi_token WHERE chain = 'avalanche' AND address = '0x211cc4dd073734da055fbf44a2b4667d5e5fe5d2'), (SELECT id FROM defi_token WHERE chain = 'avalanche' AND address = '0x2b2c81e08f1af8835a78bb2a90ae924ace0ea4be')),
  ('e2f4cd45-e1b1-5dc1-a650-c5d18cdf8c36', '2a5bfc9b-7d9b-5303-a6e2-018e3b626d48', (SELECT id FROM defi_token WHERE chain = 'avalanche' AND address = '0x211cc4dd073734da055fbf44a2b4667d5e5fe5d2'), (SELECT id FROM defi_token WHERE chain = 'avalanche' AND address = '0xd24c2ad096400b6fbcd2ad8b24e7acbc21a1da64')),
  ('1ff0bca7-1941-5731-88d7-067c8e7ddb62', '2a5bfc9b-7d9b-5303-a6e2-018e3b626d48', (SELECT id FROM defi_token WHERE chain = 'avalanche' AND address = '0x211cc4dd073734da055fbf44a2b4667d5e5fe5d2'), (SELECT id FROM defi_token WHERE chain = 'avalanche' AND address = '0x5c49b268c9841aff1cc3b0a418ff5c3442ee3f3b')),
  ('833df98d-649b-5452-924d-1328dbdd25da', '2a5bfc9b-7d9b-5303-a6e2-018e3b626d48', (SELECT id FROM defi_token WHERE chain = 'avalanche' AND address = '0x211cc4dd073734da055fbf44a2b4667d5e5fe5d2'), (SELECT id FROM defi_token WHERE chain = 'avalanche' AND address = '0x152b9d0fdc40c096757f570a51e494bd4b943e50')),
  ('8d301442-7b3f-5096-bdc0-4294595ce79c', '2a5bfc9b-7d9b-5303-a6e2-018e3b626d48', (SELECT id FROM defi_token WHERE chain = 'avalanche' AND address = '0x211cc4dd073734da055fbf44a2b4667d5e5fe5d2'), (SELECT id FROM defi_token WHERE chain = 'avalanche' AND address = '0x00000000efe302beaa2b3e6e1b18d08d69a9012a')),
  ('ccbc8677-5fe2-55bb-92fe-c3485a58f36a', '2a5bfc9b-7d9b-5303-a6e2-018e3b626d48', (SELECT id FROM defi_token WHERE chain = 'avalanche' AND address = '0x211cc4dd073734da055fbf44a2b4667d5e5fe5d2'), (SELECT id FROM defi_token WHERE chain = 'avalanche' AND address = '0xfc421ad3c883bf9e7c4f42de845c4e4405799e73')),
  ('2a5a047b-1ff9-51b5-a7ee-a2b8bb1a3f32', '2a5bfc9b-7d9b-5303-a6e2-018e3b626d48', (SELECT id FROM defi_token WHERE chain = 'avalanche' AND address = '0x211cc4dd073734da055fbf44a2b4667d5e5fe5d2'), (SELECT id FROM defi_token WHERE chain = 'avalanche' AND address = '0xc891eb4cbdeff6e073e859e987815ed1505c2acd')),
  ('048b5b15-1eb8-5f6a-8263-b8661e757f38', '2a5bfc9b-7d9b-5303-a6e2-018e3b626d48', (SELECT id FROM defi_token WHERE chain = 'avalanche' AND address = '0x211cc4dd073734da055fbf44a2b4667d5e5fe5d2'), (SELECT id FROM defi_token WHERE chain = 'avalanche' AND address = '0x5d3a1ff2b6bab83b63cd9ad0787074081a52ef34')),
  ('4ff2af43-e8c0-5018-a2f0-16e6f7b134d4', '2a5bfc9b-7d9b-5303-a6e2-018e3b626d48', (SELECT id FROM defi_token WHERE chain = 'avalanche' AND address = '0x211cc4dd073734da055fbf44a2b4667d5e5fe5d2'), (SELECT id FROM defi_token WHERE chain = 'avalanche' AND address = '0x7bfd4ca2a6cf3a3fddd645d10b323031afe47ff0')),
  ('08f8c299-f9e7-5a69-be06-6b77bf50a8b3', '2a5bfc9b-7d9b-5303-a6e2-018e3b626d48', (SELECT id FROM defi_token WHERE chain = 'avalanche' AND address = '0x7bfd4ca2a6cf3a3fddd645d10b323031afe47ff0'), (SELECT id FROM defi_token WHERE chain = 'avalanche' AND address = '0xd586e7f844cea2f87f50152665bcbc2c279d8d70')),
  ('86327153-b466-5ea8-9025-8884d0cf123e', '2a5bfc9b-7d9b-5303-a6e2-018e3b626d48', (SELECT id FROM defi_token WHERE chain = 'avalanche' AND address = '0x7bfd4ca2a6cf3a3fddd645d10b323031afe47ff0'), (SELECT id FROM defi_token WHERE chain = 'avalanche' AND address = '0x5947bb275c521040051d82396192181b413227a3')),
  ('ae538401-a342-59ea-a135-8363c47b9eed', '2a5bfc9b-7d9b-5303-a6e2-018e3b626d48', (SELECT id FROM defi_token WHERE chain = 'avalanche' AND address = '0x7bfd4ca2a6cf3a3fddd645d10b323031afe47ff0'), (SELECT id FROM defi_token WHERE chain = 'avalanche' AND address = '0xb97ef9ef8734c71904d8002f8b6bc66dd9c48a6e')),
  ('30f14808-d19d-585c-ac41-20566c6fa59b', '2a5bfc9b-7d9b-5303-a6e2-018e3b626d48', (SELECT id FROM defi_token WHERE chain = 'avalanche' AND address = '0x7bfd4ca2a6cf3a3fddd645d10b323031afe47ff0'), (SELECT id FROM defi_token WHERE chain = 'avalanche' AND address = '0x50b7545627a5162f82a992c33b87adc75187b218')),
  ('ccf9f847-1f92-5562-a5a3-258ef31f76ff', '2a5bfc9b-7d9b-5303-a6e2-018e3b626d48', (SELECT id FROM defi_token WHERE chain = 'avalanche' AND address = '0x7bfd4ca2a6cf3a3fddd645d10b323031afe47ff0'), (SELECT id FROM defi_token WHERE chain = 'avalanche' AND address = '0x49d5c2bdffac6ce2bfdb6640f4f80f226bc10bab')),
  ('720e91a8-7b34-5157-a4ac-138314a0fd7b', '2a5bfc9b-7d9b-5303-a6e2-018e3b626d48', (SELECT id FROM defi_token WHERE chain = 'avalanche' AND address = '0x7bfd4ca2a6cf3a3fddd645d10b323031afe47ff0'), (SELECT id FROM defi_token WHERE chain = 'avalanche' AND address = '0x9702230a8ea53601f5cd2dc00fdbc13d4df4a8c7')),
  ('d4271c45-b3bc-5c29-b770-9e31dac9c936', '2a5bfc9b-7d9b-5303-a6e2-018e3b626d48', (SELECT id FROM defi_token WHERE chain = 'avalanche' AND address = '0x7bfd4ca2a6cf3a3fddd645d10b323031afe47ff0'), (SELECT id FROM defi_token WHERE chain = 'avalanche' AND address = '0x63a72806098bd3d9520cc43356dd78afe5d386d9')),
  ('e58599c2-a1eb-5321-ac25-115a945244b7', '2a5bfc9b-7d9b-5303-a6e2-018e3b626d48', (SELECT id FROM defi_token WHERE chain = 'avalanche' AND address = '0x7bfd4ca2a6cf3a3fddd645d10b323031afe47ff0'), (SELECT id FROM defi_token WHERE chain = 'avalanche' AND address = '0xb31f66aa3c1e785363f0875a1b74e27b85fd66c7')),
  ('8e831afa-e57c-5fe1-8e1d-55e20f8893ec', '2a5bfc9b-7d9b-5303-a6e2-018e3b626d48', (SELECT id FROM defi_token WHERE chain = 'avalanche' AND address = '0x7bfd4ca2a6cf3a3fddd645d10b323031afe47ff0'), (SELECT id FROM defi_token WHERE chain = 'avalanche' AND address = '0x2b2c81e08f1af8835a78bb2a90ae924ace0ea4be')),
  ('b3a4a53b-3508-55f1-8c43-e8724832488a', '2a5bfc9b-7d9b-5303-a6e2-018e3b626d48', (SELECT id FROM defi_token WHERE chain = 'avalanche' AND address = '0x7bfd4ca2a6cf3a3fddd645d10b323031afe47ff0'), (SELECT id FROM defi_token WHERE chain = 'avalanche' AND address = '0xd24c2ad096400b6fbcd2ad8b24e7acbc21a1da64')),
  ('598760aa-c7c8-5d30-9455-48a0e85efa35', '2a5bfc9b-7d9b-5303-a6e2-018e3b626d48', (SELECT id FROM defi_token WHERE chain = 'avalanche' AND address = '0x7bfd4ca2a6cf3a3fddd645d10b323031afe47ff0'), (SELECT id FROM defi_token WHERE chain = 'avalanche' AND address = '0x5c49b268c9841aff1cc3b0a418ff5c3442ee3f3b')),
  ('7ef54d90-45e5-5a44-a708-1e39693f29e2', '2a5bfc9b-7d9b-5303-a6e2-018e3b626d48', (SELECT id FROM defi_token WHERE chain = 'avalanche' AND address = '0x7bfd4ca2a6cf3a3fddd645d10b323031afe47ff0'), (SELECT id FROM defi_token WHERE chain = 'avalanche' AND address = '0x152b9d0fdc40c096757f570a51e494bd4b943e50')),
  ('1730eb3e-fbeb-53f1-ba45-e6a543d9df0b', '2a5bfc9b-7d9b-5303-a6e2-018e3b626d48', (SELECT id FROM defi_token WHERE chain = 'avalanche' AND address = '0x7bfd4ca2a6cf3a3fddd645d10b323031afe47ff0'), (SELECT id FROM defi_token WHERE chain = 'avalanche' AND address = '0x00000000efe302beaa2b3e6e1b18d08d69a9012a')),
  ('3e3a2f71-ddc8-5e49-a152-4d7282c5e08c', '2a5bfc9b-7d9b-5303-a6e2-018e3b626d48', (SELECT id FROM defi_token WHERE chain = 'avalanche' AND address = '0x7bfd4ca2a6cf3a3fddd645d10b323031afe47ff0'), (SELECT id FROM defi_token WHERE chain = 'avalanche' AND address = '0xfc421ad3c883bf9e7c4f42de845c4e4405799e73')),
  ('9b668ddf-270e-580e-a1ca-a72fc7826cd1', '2a5bfc9b-7d9b-5303-a6e2-018e3b626d48', (SELECT id FROM defi_token WHERE chain = 'avalanche' AND address = '0x7bfd4ca2a6cf3a3fddd645d10b323031afe47ff0'), (SELECT id FROM defi_token WHERE chain = 'avalanche' AND address = '0xc891eb4cbdeff6e073e859e987815ed1505c2acd')),
  ('3e98254c-5c8a-52eb-951f-2ba47fa2d63d', '2a5bfc9b-7d9b-5303-a6e2-018e3b626d48', (SELECT id FROM defi_token WHERE chain = 'avalanche' AND address = '0x7bfd4ca2a6cf3a3fddd645d10b323031afe47ff0'), (SELECT id FROM defi_token WHERE chain = 'avalanche' AND address = '0x5d3a1ff2b6bab83b63cd9ad0787074081a52ef34')),
  ('f7c43bb8-6358-54ca-bc13-27254fdb0261', '2a5bfc9b-7d9b-5303-a6e2-018e3b626d48', (SELECT id FROM defi_token WHERE chain = 'avalanche' AND address = '0x7bfd4ca2a6cf3a3fddd645d10b323031afe47ff0'), (SELECT id FROM defi_token WHERE chain = 'avalanche' AND address = '0x211cc4dd073734da055fbf44a2b4667d5e5fe5d2')),
  ('47e32463-fcc2-579b-8ff3-d8c11a7f3758', '2b94d4b0-22df-5cb5-a337-e5068b4f09cb', (SELECT id FROM defi_token WHERE chain = 'avalanche' AND address = '0xd586e7f844cea2f87f50152665bcbc2c279d8d70'), NULL),
  ('78eba4d1-bfd9-5faf-9e12-231f7c98de50', '2b94d4b0-22df-5cb5-a337-e5068b4f09cb', (SELECT id FROM defi_token WHERE chain = 'avalanche' AND address = '0x5947bb275c521040051d82396192181b413227a3'), NULL),
  ('42564b5b-7c35-53bf-99d0-7e707e51b9e8', '2b94d4b0-22df-5cb5-a337-e5068b4f09cb', (SELECT id FROM defi_token WHERE chain = 'avalanche' AND address = '0xb97ef9ef8734c71904d8002f8b6bc66dd9c48a6e'), NULL),
  ('6ff7ff87-ae1e-52f2-bde9-13a0475a9ae4', '2b94d4b0-22df-5cb5-a337-e5068b4f09cb', (SELECT id FROM defi_token WHERE chain = 'avalanche' AND address = '0x50b7545627a5162f82a992c33b87adc75187b218'), NULL),
  ('535e9842-1ff1-5db3-8492-89c703631a7d', '2b94d4b0-22df-5cb5-a337-e5068b4f09cb', (SELECT id FROM defi_token WHERE chain = 'avalanche' AND address = '0x49d5c2bdffac6ce2bfdb6640f4f80f226bc10bab'), NULL),
  ('f6622797-7c3a-59ad-a256-0c12d838b0c3', '2b94d4b0-22df-5cb5-a337-e5068b4f09cb', (SELECT id FROM defi_token WHERE chain = 'avalanche' AND address = '0x9702230a8ea53601f5cd2dc00fdbc13d4df4a8c7'), NULL),
  ('e388cd74-e02e-5615-b58d-0425188379a9', '2b94d4b0-22df-5cb5-a337-e5068b4f09cb', (SELECT id FROM defi_token WHERE chain = 'avalanche' AND address = '0x2b2c81e08f1af8835a78bb2a90ae924ace0ea4be'), NULL),
  ('8f9260ee-9bc6-5901-85b3-15591152f337', '2b94d4b0-22df-5cb5-a337-e5068b4f09cb', (SELECT id FROM defi_token WHERE chain = 'avalanche' AND address = '0x152b9d0fdc40c096757f570a51e494bd4b943e50'), NULL),
  ('5982ab14-4198-5e2a-95ac-ac2414073762', '51611432-c373-5523-9cdb-ae8fa0551269', (SELECT id FROM defi_token WHERE chain = 'avalanche' AND address = '0xd586e7f844cea2f87f50152665bcbc2c279d8d70'), (SELECT id FROM defi_token WHERE chain = 'avalanche' AND address = '0x5947bb275c521040051d82396192181b413227a3')),
  ('dafaf715-7ea2-59aa-ae88-2387be49ac41', '51611432-c373-5523-9cdb-ae8fa0551269', (SELECT id FROM defi_token WHERE chain = 'avalanche' AND address = '0xd586e7f844cea2f87f50152665bcbc2c279d8d70'), (SELECT id FROM defi_token WHERE chain = 'avalanche' AND address = '0xb97ef9ef8734c71904d8002f8b6bc66dd9c48a6e')),
  ('c24af88f-1f6d-579f-9c20-9daeda4bbeca', '51611432-c373-5523-9cdb-ae8fa0551269', (SELECT id FROM defi_token WHERE chain = 'avalanche' AND address = '0xd586e7f844cea2f87f50152665bcbc2c279d8d70'), (SELECT id FROM defi_token WHERE chain = 'avalanche' AND address = '0x50b7545627a5162f82a992c33b87adc75187b218')),
  ('0074298d-b204-53f2-a0fa-bafff667d985', '51611432-c373-5523-9cdb-ae8fa0551269', (SELECT id FROM defi_token WHERE chain = 'avalanche' AND address = '0xd586e7f844cea2f87f50152665bcbc2c279d8d70'), (SELECT id FROM defi_token WHERE chain = 'avalanche' AND address = '0x49d5c2bdffac6ce2bfdb6640f4f80f226bc10bab')),
  ('5588e21b-adc9-5a80-ab71-cf7bb55dd0a3', '51611432-c373-5523-9cdb-ae8fa0551269', (SELECT id FROM defi_token WHERE chain = 'avalanche' AND address = '0xd586e7f844cea2f87f50152665bcbc2c279d8d70'), (SELECT id FROM defi_token WHERE chain = 'avalanche' AND address = '0x9702230a8ea53601f5cd2dc00fdbc13d4df4a8c7')),
  ('21b23181-575f-5d4c-a9ae-206d3b69adcb', '51611432-c373-5523-9cdb-ae8fa0551269', (SELECT id FROM defi_token WHERE chain = 'avalanche' AND address = '0xd586e7f844cea2f87f50152665bcbc2c279d8d70'), (SELECT id FROM defi_token WHERE chain = 'avalanche' AND address = '0x2b2c81e08f1af8835a78bb2a90ae924ace0ea4be')),
  ('36c14c25-e98d-5bc0-b7ba-a336ab38e66c', '51611432-c373-5523-9cdb-ae8fa0551269', (SELECT id FROM defi_token WHERE chain = 'avalanche' AND address = '0xd586e7f844cea2f87f50152665bcbc2c279d8d70'), (SELECT id FROM defi_token WHERE chain = 'avalanche' AND address = '0x152b9d0fdc40c096757f570a51e494bd4b943e50')),
  ('e2cd701d-3aa2-5960-acf4-d69aff30e24d', '51611432-c373-5523-9cdb-ae8fa0551269', (SELECT id FROM defi_token WHERE chain = 'avalanche' AND address = '0x5947bb275c521040051d82396192181b413227a3'), (SELECT id FROM defi_token WHERE chain = 'avalanche' AND address = '0xd586e7f844cea2f87f50152665bcbc2c279d8d70')),
  ('6ce2fa18-26be-582b-ac6b-fed758ea9cd6', '51611432-c373-5523-9cdb-ae8fa0551269', (SELECT id FROM defi_token WHERE chain = 'avalanche' AND address = '0x5947bb275c521040051d82396192181b413227a3'), (SELECT id FROM defi_token WHERE chain = 'avalanche' AND address = '0xb97ef9ef8734c71904d8002f8b6bc66dd9c48a6e')),
  ('0308a705-986e-55b4-909b-36a8ea47b1b3', '51611432-c373-5523-9cdb-ae8fa0551269', (SELECT id FROM defi_token WHERE chain = 'avalanche' AND address = '0x5947bb275c521040051d82396192181b413227a3'), (SELECT id FROM defi_token WHERE chain = 'avalanche' AND address = '0x50b7545627a5162f82a992c33b87adc75187b218')),
  ('bfd125f3-c6a9-5498-87dc-8b3a245d1c3f', '51611432-c373-5523-9cdb-ae8fa0551269', (SELECT id FROM defi_token WHERE chain = 'avalanche' AND address = '0x5947bb275c521040051d82396192181b413227a3'), (SELECT id FROM defi_token WHERE chain = 'avalanche' AND address = '0x49d5c2bdffac6ce2bfdb6640f4f80f226bc10bab')),
  ('26a86bb8-b02f-50f5-89ed-8bd95da73942', '51611432-c373-5523-9cdb-ae8fa0551269', (SELECT id FROM defi_token WHERE chain = 'avalanche' AND address = '0x5947bb275c521040051d82396192181b413227a3'), (SELECT id FROM defi_token WHERE chain = 'avalanche' AND address = '0x9702230a8ea53601f5cd2dc00fdbc13d4df4a8c7')),
  ('9c4249b4-33b7-5b9a-8909-dc6eb3cbbc8f', '51611432-c373-5523-9cdb-ae8fa0551269', (SELECT id FROM defi_token WHERE chain = 'avalanche' AND address = '0x5947bb275c521040051d82396192181b413227a3'), (SELECT id FROM defi_token WHERE chain = 'avalanche' AND address = '0x2b2c81e08f1af8835a78bb2a90ae924ace0ea4be')),
  ('88cea0dc-85cb-5723-9dc0-fa02c777a133', '51611432-c373-5523-9cdb-ae8fa0551269', (SELECT id FROM defi_token WHERE chain = 'avalanche' AND address = '0x5947bb275c521040051d82396192181b413227a3'), (SELECT id FROM defi_token WHERE chain = 'avalanche' AND address = '0x152b9d0fdc40c096757f570a51e494bd4b943e50')),
  ('8143b72e-3528-598d-909e-a3cd3ef67ed9', '51611432-c373-5523-9cdb-ae8fa0551269', (SELECT id FROM defi_token WHERE chain = 'avalanche' AND address = '0xb97ef9ef8734c71904d8002f8b6bc66dd9c48a6e'), (SELECT id FROM defi_token WHERE chain = 'avalanche' AND address = '0xd586e7f844cea2f87f50152665bcbc2c279d8d70')),
  ('55e8bdd5-70a1-51f3-8c70-064588097434', '51611432-c373-5523-9cdb-ae8fa0551269', (SELECT id FROM defi_token WHERE chain = 'avalanche' AND address = '0xb97ef9ef8734c71904d8002f8b6bc66dd9c48a6e'), (SELECT id FROM defi_token WHERE chain = 'avalanche' AND address = '0x5947bb275c521040051d82396192181b413227a3')),
  ('f6a41940-e0de-5635-a1a0-2bca478aaca7', '51611432-c373-5523-9cdb-ae8fa0551269', (SELECT id FROM defi_token WHERE chain = 'avalanche' AND address = '0xb97ef9ef8734c71904d8002f8b6bc66dd9c48a6e'), (SELECT id FROM defi_token WHERE chain = 'avalanche' AND address = '0x50b7545627a5162f82a992c33b87adc75187b218')),
  ('381cc0d6-7c69-5ade-ab6a-e7300f59a83b', '51611432-c373-5523-9cdb-ae8fa0551269', (SELECT id FROM defi_token WHERE chain = 'avalanche' AND address = '0xb97ef9ef8734c71904d8002f8b6bc66dd9c48a6e'), (SELECT id FROM defi_token WHERE chain = 'avalanche' AND address = '0x49d5c2bdffac6ce2bfdb6640f4f80f226bc10bab')),
  ('423c8dcc-66a4-5f36-a750-fa0f7b75ad6e', '51611432-c373-5523-9cdb-ae8fa0551269', (SELECT id FROM defi_token WHERE chain = 'avalanche' AND address = '0xb97ef9ef8734c71904d8002f8b6bc66dd9c48a6e'), (SELECT id FROM defi_token WHERE chain = 'avalanche' AND address = '0x9702230a8ea53601f5cd2dc00fdbc13d4df4a8c7')),
  ('e83bdc25-1e43-5d11-9d86-b5c25c318411', '51611432-c373-5523-9cdb-ae8fa0551269', (SELECT id FROM defi_token WHERE chain = 'avalanche' AND address = '0xb97ef9ef8734c71904d8002f8b6bc66dd9c48a6e'), (SELECT id FROM defi_token WHERE chain = 'avalanche' AND address = '0x2b2c81e08f1af8835a78bb2a90ae924ace0ea4be')),
  ('45bab967-3978-5a93-9c61-f1ddfea12fff', '51611432-c373-5523-9cdb-ae8fa0551269', (SELECT id FROM defi_token WHERE chain = 'avalanche' AND address = '0xb97ef9ef8734c71904d8002f8b6bc66dd9c48a6e'), (SELECT id FROM defi_token WHERE chain = 'avalanche' AND address = '0x152b9d0fdc40c096757f570a51e494bd4b943e50')),
  ('6847fd2f-809b-5576-bc12-da8433ad87ce', '51611432-c373-5523-9cdb-ae8fa0551269', (SELECT id FROM defi_token WHERE chain = 'avalanche' AND address = '0x50b7545627a5162f82a992c33b87adc75187b218'), (SELECT id FROM defi_token WHERE chain = 'avalanche' AND address = '0xd586e7f844cea2f87f50152665bcbc2c279d8d70')),
  ('75678acb-f362-5ad2-a59e-2bcc3d9fae61', '51611432-c373-5523-9cdb-ae8fa0551269', (SELECT id FROM defi_token WHERE chain = 'avalanche' AND address = '0x50b7545627a5162f82a992c33b87adc75187b218'), (SELECT id FROM defi_token WHERE chain = 'avalanche' AND address = '0x5947bb275c521040051d82396192181b413227a3')),
  ('82a1db43-d666-5d46-b919-b400b13ab7e3', '51611432-c373-5523-9cdb-ae8fa0551269', (SELECT id FROM defi_token WHERE chain = 'avalanche' AND address = '0x50b7545627a5162f82a992c33b87adc75187b218'), (SELECT id FROM defi_token WHERE chain = 'avalanche' AND address = '0xb97ef9ef8734c71904d8002f8b6bc66dd9c48a6e')),
  ('1c9db35c-43bd-5c06-a8e4-e5d92f1531dd', '51611432-c373-5523-9cdb-ae8fa0551269', (SELECT id FROM defi_token WHERE chain = 'avalanche' AND address = '0x50b7545627a5162f82a992c33b87adc75187b218'), (SELECT id FROM defi_token WHERE chain = 'avalanche' AND address = '0x49d5c2bdffac6ce2bfdb6640f4f80f226bc10bab')),
  ('d3c73dbc-60fa-53cb-8cf8-f0df3b4c7d16', '51611432-c373-5523-9cdb-ae8fa0551269', (SELECT id FROM defi_token WHERE chain = 'avalanche' AND address = '0x50b7545627a5162f82a992c33b87adc75187b218'), (SELECT id FROM defi_token WHERE chain = 'avalanche' AND address = '0x9702230a8ea53601f5cd2dc00fdbc13d4df4a8c7')),
  ('4498ba05-ec4a-50ae-9514-175d710ff8c7', '51611432-c373-5523-9cdb-ae8fa0551269', (SELECT id FROM defi_token WHERE chain = 'avalanche' AND address = '0x50b7545627a5162f82a992c33b87adc75187b218'), (SELECT id FROM defi_token WHERE chain = 'avalanche' AND address = '0x2b2c81e08f1af8835a78bb2a90ae924ace0ea4be')),
  ('25f8775e-0088-502e-8d4b-757cadfe9e02', '51611432-c373-5523-9cdb-ae8fa0551269', (SELECT id FROM defi_token WHERE chain = 'avalanche' AND address = '0x50b7545627a5162f82a992c33b87adc75187b218'), (SELECT id FROM defi_token WHERE chain = 'avalanche' AND address = '0x152b9d0fdc40c096757f570a51e494bd4b943e50')),
  ('a4788174-ca70-5441-b533-2b07a97d338f', '51611432-c373-5523-9cdb-ae8fa0551269', (SELECT id FROM defi_token WHERE chain = 'avalanche' AND address = '0x49d5c2bdffac6ce2bfdb6640f4f80f226bc10bab'), (SELECT id FROM defi_token WHERE chain = 'avalanche' AND address = '0xd586e7f844cea2f87f50152665bcbc2c279d8d70')),
  ('2a7636dc-ac35-5c5d-9290-bbf1eeac8607', '51611432-c373-5523-9cdb-ae8fa0551269', (SELECT id FROM defi_token WHERE chain = 'avalanche' AND address = '0x49d5c2bdffac6ce2bfdb6640f4f80f226bc10bab'), (SELECT id FROM defi_token WHERE chain = 'avalanche' AND address = '0x5947bb275c521040051d82396192181b413227a3')),
  ('d4f3658a-bb7b-57c1-9d0f-022bd88b941a', '51611432-c373-5523-9cdb-ae8fa0551269', (SELECT id FROM defi_token WHERE chain = 'avalanche' AND address = '0x49d5c2bdffac6ce2bfdb6640f4f80f226bc10bab'), (SELECT id FROM defi_token WHERE chain = 'avalanche' AND address = '0xb97ef9ef8734c71904d8002f8b6bc66dd9c48a6e')),
  ('fbb7d455-1971-5d65-a526-e6f80edbd652', '51611432-c373-5523-9cdb-ae8fa0551269', (SELECT id FROM defi_token WHERE chain = 'avalanche' AND address = '0x49d5c2bdffac6ce2bfdb6640f4f80f226bc10bab'), (SELECT id FROM defi_token WHERE chain = 'avalanche' AND address = '0x50b7545627a5162f82a992c33b87adc75187b218')),
  ('f95ea72c-a3df-51f4-8442-2642b88cb914', '51611432-c373-5523-9cdb-ae8fa0551269', (SELECT id FROM defi_token WHERE chain = 'avalanche' AND address = '0x49d5c2bdffac6ce2bfdb6640f4f80f226bc10bab'), (SELECT id FROM defi_token WHERE chain = 'avalanche' AND address = '0x9702230a8ea53601f5cd2dc00fdbc13d4df4a8c7')),
  ('f4361667-4f21-5628-bedd-e00724dd4fee', '51611432-c373-5523-9cdb-ae8fa0551269', (SELECT id FROM defi_token WHERE chain = 'avalanche' AND address = '0x49d5c2bdffac6ce2bfdb6640f4f80f226bc10bab'), (SELECT id FROM defi_token WHERE chain = 'avalanche' AND address = '0x2b2c81e08f1af8835a78bb2a90ae924ace0ea4be')),
  ('7b4bb513-840c-532e-b1f4-db366d3325f3', '51611432-c373-5523-9cdb-ae8fa0551269', (SELECT id FROM defi_token WHERE chain = 'avalanche' AND address = '0x49d5c2bdffac6ce2bfdb6640f4f80f226bc10bab'), (SELECT id FROM defi_token WHERE chain = 'avalanche' AND address = '0x152b9d0fdc40c096757f570a51e494bd4b943e50')),
  ('a2497502-0dda-57ff-af01-5d4333786d06', '51611432-c373-5523-9cdb-ae8fa0551269', (SELECT id FROM defi_token WHERE chain = 'avalanche' AND address = '0x9702230a8ea53601f5cd2dc00fdbc13d4df4a8c7'), (SELECT id FROM defi_token WHERE chain = 'avalanche' AND address = '0xd586e7f844cea2f87f50152665bcbc2c279d8d70')),
  ('19db2f83-ae80-56ad-96b4-e88f468ab5ed', '51611432-c373-5523-9cdb-ae8fa0551269', (SELECT id FROM defi_token WHERE chain = 'avalanche' AND address = '0x9702230a8ea53601f5cd2dc00fdbc13d4df4a8c7'), (SELECT id FROM defi_token WHERE chain = 'avalanche' AND address = '0x5947bb275c521040051d82396192181b413227a3')),
  ('9de02853-8278-55f6-b87f-c518b7e531b7', '51611432-c373-5523-9cdb-ae8fa0551269', (SELECT id FROM defi_token WHERE chain = 'avalanche' AND address = '0x9702230a8ea53601f5cd2dc00fdbc13d4df4a8c7'), (SELECT id FROM defi_token WHERE chain = 'avalanche' AND address = '0xb97ef9ef8734c71904d8002f8b6bc66dd9c48a6e')),
  ('6b754900-a447-5ca6-ba3b-2d993d563aa2', '51611432-c373-5523-9cdb-ae8fa0551269', (SELECT id FROM defi_token WHERE chain = 'avalanche' AND address = '0x9702230a8ea53601f5cd2dc00fdbc13d4df4a8c7'), (SELECT id FROM defi_token WHERE chain = 'avalanche' AND address = '0x50b7545627a5162f82a992c33b87adc75187b218')),
  ('f78448c1-218e-5c82-8b92-7db93e40d9fa', '51611432-c373-5523-9cdb-ae8fa0551269', (SELECT id FROM defi_token WHERE chain = 'avalanche' AND address = '0x9702230a8ea53601f5cd2dc00fdbc13d4df4a8c7'), (SELECT id FROM defi_token WHERE chain = 'avalanche' AND address = '0x49d5c2bdffac6ce2bfdb6640f4f80f226bc10bab')),
  ('fc523a8f-4d0f-5743-885a-2341b602269f', '51611432-c373-5523-9cdb-ae8fa0551269', (SELECT id FROM defi_token WHERE chain = 'avalanche' AND address = '0x9702230a8ea53601f5cd2dc00fdbc13d4df4a8c7'), (SELECT id FROM defi_token WHERE chain = 'avalanche' AND address = '0x2b2c81e08f1af8835a78bb2a90ae924ace0ea4be')),
  ('2b7b1813-82a2-5582-927a-17f665658405', '51611432-c373-5523-9cdb-ae8fa0551269', (SELECT id FROM defi_token WHERE chain = 'avalanche' AND address = '0x9702230a8ea53601f5cd2dc00fdbc13d4df4a8c7'), (SELECT id FROM defi_token WHERE chain = 'avalanche' AND address = '0x152b9d0fdc40c096757f570a51e494bd4b943e50')),
  ('0717d340-3c80-54dc-bcd8-da07a47c3768', '51611432-c373-5523-9cdb-ae8fa0551269', (SELECT id FROM defi_token WHERE chain = 'avalanche' AND address = '0x2b2c81e08f1af8835a78bb2a90ae924ace0ea4be'), (SELECT id FROM defi_token WHERE chain = 'avalanche' AND address = '0xd586e7f844cea2f87f50152665bcbc2c279d8d70')),
  ('a9ec9544-9d60-50fd-8eb7-2c8a877b0267', '51611432-c373-5523-9cdb-ae8fa0551269', (SELECT id FROM defi_token WHERE chain = 'avalanche' AND address = '0x2b2c81e08f1af8835a78bb2a90ae924ace0ea4be'), (SELECT id FROM defi_token WHERE chain = 'avalanche' AND address = '0x5947bb275c521040051d82396192181b413227a3')),
  ('8bc6925d-4f4e-5998-a9f6-0ea84216f6b8', '51611432-c373-5523-9cdb-ae8fa0551269', (SELECT id FROM defi_token WHERE chain = 'avalanche' AND address = '0x2b2c81e08f1af8835a78bb2a90ae924ace0ea4be'), (SELECT id FROM defi_token WHERE chain = 'avalanche' AND address = '0xb97ef9ef8734c71904d8002f8b6bc66dd9c48a6e')),
  ('d68f2b40-28c8-5d88-ae9e-86af3cbc5082', '51611432-c373-5523-9cdb-ae8fa0551269', (SELECT id FROM defi_token WHERE chain = 'avalanche' AND address = '0x2b2c81e08f1af8835a78bb2a90ae924ace0ea4be'), (SELECT id FROM defi_token WHERE chain = 'avalanche' AND address = '0x50b7545627a5162f82a992c33b87adc75187b218')),
  ('f026b314-ce17-57a9-9a05-a0a8254c443a', '51611432-c373-5523-9cdb-ae8fa0551269', (SELECT id FROM defi_token WHERE chain = 'avalanche' AND address = '0x2b2c81e08f1af8835a78bb2a90ae924ace0ea4be'), (SELECT id FROM defi_token WHERE chain = 'avalanche' AND address = '0x49d5c2bdffac6ce2bfdb6640f4f80f226bc10bab')),
  ('c8f385b5-a143-51f7-a008-3edaff95e30d', '51611432-c373-5523-9cdb-ae8fa0551269', (SELECT id FROM defi_token WHERE chain = 'avalanche' AND address = '0x2b2c81e08f1af8835a78bb2a90ae924ace0ea4be'), (SELECT id FROM defi_token WHERE chain = 'avalanche' AND address = '0x9702230a8ea53601f5cd2dc00fdbc13d4df4a8c7')),
  ('de474b92-2957-519f-81bf-dac2e6a1ffeb', '51611432-c373-5523-9cdb-ae8fa0551269', (SELECT id FROM defi_token WHERE chain = 'avalanche' AND address = '0x2b2c81e08f1af8835a78bb2a90ae924ace0ea4be'), (SELECT id FROM defi_token WHERE chain = 'avalanche' AND address = '0x152b9d0fdc40c096757f570a51e494bd4b943e50')),
  ('79ece821-0114-55ce-985e-6d0973063118', '51611432-c373-5523-9cdb-ae8fa0551269', (SELECT id FROM defi_token WHERE chain = 'avalanche' AND address = '0x152b9d0fdc40c096757f570a51e494bd4b943e50'), (SELECT id FROM defi_token WHERE chain = 'avalanche' AND address = '0xd586e7f844cea2f87f50152665bcbc2c279d8d70')),
  ('9483646c-6d87-5d27-9ba3-d7ea7383de27', '51611432-c373-5523-9cdb-ae8fa0551269', (SELECT id FROM defi_token WHERE chain = 'avalanche' AND address = '0x152b9d0fdc40c096757f570a51e494bd4b943e50'), (SELECT id FROM defi_token WHERE chain = 'avalanche' AND address = '0x5947bb275c521040051d82396192181b413227a3')),
  ('91507639-0826-580e-b49f-7bd73cebb5b4', '51611432-c373-5523-9cdb-ae8fa0551269', (SELECT id FROM defi_token WHERE chain = 'avalanche' AND address = '0x152b9d0fdc40c096757f570a51e494bd4b943e50'), (SELECT id FROM defi_token WHERE chain = 'avalanche' AND address = '0xb97ef9ef8734c71904d8002f8b6bc66dd9c48a6e')),
  ('a79093a9-732a-597c-9d69-5a676235415d', '51611432-c373-5523-9cdb-ae8fa0551269', (SELECT id FROM defi_token WHERE chain = 'avalanche' AND address = '0x152b9d0fdc40c096757f570a51e494bd4b943e50'), (SELECT id FROM defi_token WHERE chain = 'avalanche' AND address = '0x50b7545627a5162f82a992c33b87adc75187b218')),
  ('71972896-3667-5415-96b4-a42603de8eae', '51611432-c373-5523-9cdb-ae8fa0551269', (SELECT id FROM defi_token WHERE chain = 'avalanche' AND address = '0x152b9d0fdc40c096757f570a51e494bd4b943e50'), (SELECT id FROM defi_token WHERE chain = 'avalanche' AND address = '0x49d5c2bdffac6ce2bfdb6640f4f80f226bc10bab')),
  ('3bab18ce-413f-52e6-add4-3e73c8b3a863', '51611432-c373-5523-9cdb-ae8fa0551269', (SELECT id FROM defi_token WHERE chain = 'avalanche' AND address = '0x152b9d0fdc40c096757f570a51e494bd4b943e50'), (SELECT id FROM defi_token WHERE chain = 'avalanche' AND address = '0x9702230a8ea53601f5cd2dc00fdbc13d4df4a8c7')),
  ('a5bc1f0a-d29a-5f0f-8ecf-0e8b0d1dfe60', '51611432-c373-5523-9cdb-ae8fa0551269', (SELECT id FROM defi_token WHERE chain = 'avalanche' AND address = '0x152b9d0fdc40c096757f570a51e494bd4b943e50'), (SELECT id FROM defi_token WHERE chain = 'avalanche' AND address = '0x2b2c81e08f1af8835a78bb2a90ae924ace0ea4be')),
  ('a2afde8e-8cb6-5b14-af19-f423968876ed', 'abb3dfb7-d63b-5e8d-ac9f-03a73babcb45', (SELECT id FROM defi_token WHERE chain = 'avalanche' AND address = '0xd586e7f844cea2f87f50152665bcbc2c279d8d70'), (SELECT id FROM defi_token WHERE chain = 'avalanche' AND address = '0xb31f66aa3c1e785363f0875a1b74e27b85fd66c7')),
  ('466a315c-2b41-5d01-b132-5033a35f30ba', 'abb3dfb7-d63b-5e8d-ac9f-03a73babcb45', (SELECT id FROM defi_token WHERE chain = 'avalanche' AND address = '0xb31f66aa3c1e785363f0875a1b74e27b85fd66c7'), (SELECT id FROM defi_token WHERE chain = 'avalanche' AND address = '0xd586e7f844cea2f87f50152665bcbc2c279d8d70')),
  ('64e0c0ea-e7bb-5df1-b57c-ab1be048f672', 'abb3dfb7-d63b-5e8d-ac9f-03a73babcb45', (SELECT id FROM defi_token WHERE chain = 'avalanche' AND address = '0x5947bb275c521040051d82396192181b413227a3'), (SELECT id FROM defi_token WHERE chain = 'avalanche' AND address = '0xb31f66aa3c1e785363f0875a1b74e27b85fd66c7')),
  ('88ced262-afba-5008-a5cd-fd7c9ea8ad52', 'abb3dfb7-d63b-5e8d-ac9f-03a73babcb45', (SELECT id FROM defi_token WHERE chain = 'avalanche' AND address = '0xb31f66aa3c1e785363f0875a1b74e27b85fd66c7'), (SELECT id FROM defi_token WHERE chain = 'avalanche' AND address = '0x5947bb275c521040051d82396192181b413227a3')),
  ('ecd726bc-8de2-5ab3-90c0-d24cf5194c8a', 'abb3dfb7-d63b-5e8d-ac9f-03a73babcb45', (SELECT id FROM defi_token WHERE chain = 'avalanche' AND address = '0xb97ef9ef8734c71904d8002f8b6bc66dd9c48a6e'), (SELECT id FROM defi_token WHERE chain = 'avalanche' AND address = '0xb31f66aa3c1e785363f0875a1b74e27b85fd66c7')),
  ('62bbe878-e0d4-5392-88d9-5c0c7a5487aa', 'abb3dfb7-d63b-5e8d-ac9f-03a73babcb45', (SELECT id FROM defi_token WHERE chain = 'avalanche' AND address = '0xb31f66aa3c1e785363f0875a1b74e27b85fd66c7'), (SELECT id FROM defi_token WHERE chain = 'avalanche' AND address = '0xb97ef9ef8734c71904d8002f8b6bc66dd9c48a6e')),
  ('6553726c-b142-55d4-bee8-9ca51a7f3c65', 'abb3dfb7-d63b-5e8d-ac9f-03a73babcb45', (SELECT id FROM defi_token WHERE chain = 'avalanche' AND address = '0x50b7545627a5162f82a992c33b87adc75187b218'), (SELECT id FROM defi_token WHERE chain = 'avalanche' AND address = '0xb31f66aa3c1e785363f0875a1b74e27b85fd66c7')),
  ('ad27892a-0c5c-5d80-bcf6-fa1461a4fe88', 'abb3dfb7-d63b-5e8d-ac9f-03a73babcb45', (SELECT id FROM defi_token WHERE chain = 'avalanche' AND address = '0xb31f66aa3c1e785363f0875a1b74e27b85fd66c7'), (SELECT id FROM defi_token WHERE chain = 'avalanche' AND address = '0x50b7545627a5162f82a992c33b87adc75187b218')),
  ('d57338b4-2a60-5d82-81bb-46cc75915126', 'abb3dfb7-d63b-5e8d-ac9f-03a73babcb45', (SELECT id FROM defi_token WHERE chain = 'avalanche' AND address = '0x49d5c2bdffac6ce2bfdb6640f4f80f226bc10bab'), (SELECT id FROM defi_token WHERE chain = 'avalanche' AND address = '0xb31f66aa3c1e785363f0875a1b74e27b85fd66c7')),
  ('227e4c96-115b-5e4c-b4b5-d67651f9f2e0', 'abb3dfb7-d63b-5e8d-ac9f-03a73babcb45', (SELECT id FROM defi_token WHERE chain = 'avalanche' AND address = '0xb31f66aa3c1e785363f0875a1b74e27b85fd66c7'), (SELECT id FROM defi_token WHERE chain = 'avalanche' AND address = '0x49d5c2bdffac6ce2bfdb6640f4f80f226bc10bab')),
  ('581a2ce4-2ad5-5af8-a106-586f005ce10b', 'abb3dfb7-d63b-5e8d-ac9f-03a73babcb45', (SELECT id FROM defi_token WHERE chain = 'avalanche' AND address = '0x9702230a8ea53601f5cd2dc00fdbc13d4df4a8c7'), (SELECT id FROM defi_token WHERE chain = 'avalanche' AND address = '0xb31f66aa3c1e785363f0875a1b74e27b85fd66c7')),
  ('695f482f-6f15-51a1-9ebd-55cd8b7e37b9', 'abb3dfb7-d63b-5e8d-ac9f-03a73babcb45', (SELECT id FROM defi_token WHERE chain = 'avalanche' AND address = '0xb31f66aa3c1e785363f0875a1b74e27b85fd66c7'), (SELECT id FROM defi_token WHERE chain = 'avalanche' AND address = '0x9702230a8ea53601f5cd2dc00fdbc13d4df4a8c7')),
  ('5d3488ca-744a-595c-8b1f-09637c775170', 'abb3dfb7-d63b-5e8d-ac9f-03a73babcb45', (SELECT id FROM defi_token WHERE chain = 'avalanche' AND address = '0x63a72806098bd3d9520cc43356dd78afe5d386d9'), (SELECT id FROM defi_token WHERE chain = 'avalanche' AND address = '0xb31f66aa3c1e785363f0875a1b74e27b85fd66c7')),
  ('7c8361a8-91ff-504e-b8b1-9ff52c2a1aa0', 'abb3dfb7-d63b-5e8d-ac9f-03a73babcb45', (SELECT id FROM defi_token WHERE chain = 'avalanche' AND address = '0xb31f66aa3c1e785363f0875a1b74e27b85fd66c7'), (SELECT id FROM defi_token WHERE chain = 'avalanche' AND address = '0x63a72806098bd3d9520cc43356dd78afe5d386d9')),
  ('6d4500f1-30dc-5475-8859-bb94a99da680', 'abb3dfb7-d63b-5e8d-ac9f-03a73babcb45', (SELECT id FROM defi_token WHERE chain = 'avalanche' AND address = '0x2b2c81e08f1af8835a78bb2a90ae924ace0ea4be'), (SELECT id FROM defi_token WHERE chain = 'avalanche' AND address = '0xb31f66aa3c1e785363f0875a1b74e27b85fd66c7')),
  ('77d31628-6176-5bf9-bd94-b5c67154c2f0', 'abb3dfb7-d63b-5e8d-ac9f-03a73babcb45', (SELECT id FROM defi_token WHERE chain = 'avalanche' AND address = '0xb31f66aa3c1e785363f0875a1b74e27b85fd66c7'), (SELECT id FROM defi_token WHERE chain = 'avalanche' AND address = '0x2b2c81e08f1af8835a78bb2a90ae924ace0ea4be')),
  ('9aee6c06-c6be-5773-adbb-b5294a48442d', 'abb3dfb7-d63b-5e8d-ac9f-03a73babcb45', (SELECT id FROM defi_token WHERE chain = 'avalanche' AND address = '0xd24c2ad096400b6fbcd2ad8b24e7acbc21a1da64'), (SELECT id FROM defi_token WHERE chain = 'avalanche' AND address = '0xb31f66aa3c1e785363f0875a1b74e27b85fd66c7')),
  ('4cf41446-cf28-5ed3-9e20-532ab31a3422', 'abb3dfb7-d63b-5e8d-ac9f-03a73babcb45', (SELECT id FROM defi_token WHERE chain = 'avalanche' AND address = '0xb31f66aa3c1e785363f0875a1b74e27b85fd66c7'), (SELECT id FROM defi_token WHERE chain = 'avalanche' AND address = '0xd24c2ad096400b6fbcd2ad8b24e7acbc21a1da64')),
  ('475a609c-22c9-5965-9689-1f722c4ad47c', 'abb3dfb7-d63b-5e8d-ac9f-03a73babcb45', (SELECT id FROM defi_token WHERE chain = 'avalanche' AND address = '0x5c49b268c9841aff1cc3b0a418ff5c3442ee3f3b'), (SELECT id FROM defi_token WHERE chain = 'avalanche' AND address = '0xb31f66aa3c1e785363f0875a1b74e27b85fd66c7')),
  ('e5939d5a-a6a1-502b-b7f1-076f84165ff3', 'abb3dfb7-d63b-5e8d-ac9f-03a73babcb45', (SELECT id FROM defi_token WHERE chain = 'avalanche' AND address = '0xb31f66aa3c1e785363f0875a1b74e27b85fd66c7'), (SELECT id FROM defi_token WHERE chain = 'avalanche' AND address = '0x5c49b268c9841aff1cc3b0a418ff5c3442ee3f3b')),
  ('ccc585ce-a059-51bc-ba0f-9f916e0b1bba', 'abb3dfb7-d63b-5e8d-ac9f-03a73babcb45', (SELECT id FROM defi_token WHERE chain = 'avalanche' AND address = '0x152b9d0fdc40c096757f570a51e494bd4b943e50'), (SELECT id FROM defi_token WHERE chain = 'avalanche' AND address = '0xb31f66aa3c1e785363f0875a1b74e27b85fd66c7')),
  ('e6c696e8-6727-556b-a308-bf79dcbbe9b5', 'abb3dfb7-d63b-5e8d-ac9f-03a73babcb45', (SELECT id FROM defi_token WHERE chain = 'avalanche' AND address = '0xb31f66aa3c1e785363f0875a1b74e27b85fd66c7'), (SELECT id FROM defi_token WHERE chain = 'avalanche' AND address = '0x152b9d0fdc40c096757f570a51e494bd4b943e50')),
  ('2daf67ab-694a-514f-a783-ef2a47c6c10a', 'abb3dfb7-d63b-5e8d-ac9f-03a73babcb45', (SELECT id FROM defi_token WHERE chain = 'avalanche' AND address = '0x00000000efe302beaa2b3e6e1b18d08d69a9012a'), (SELECT id FROM defi_token WHERE chain = 'avalanche' AND address = '0xb31f66aa3c1e785363f0875a1b74e27b85fd66c7')),
  ('a4d6c842-8e92-59fd-ad54-787ec905e1bd', 'abb3dfb7-d63b-5e8d-ac9f-03a73babcb45', (SELECT id FROM defi_token WHERE chain = 'avalanche' AND address = '0xb31f66aa3c1e785363f0875a1b74e27b85fd66c7'), (SELECT id FROM defi_token WHERE chain = 'avalanche' AND address = '0x00000000efe302beaa2b3e6e1b18d08d69a9012a')),
  ('4484c0bf-db86-5a92-bc55-cdfa16584f44', 'abb3dfb7-d63b-5e8d-ac9f-03a73babcb45', (SELECT id FROM defi_token WHERE chain = 'avalanche' AND address = '0xfc421ad3c883bf9e7c4f42de845c4e4405799e73'), (SELECT id FROM defi_token WHERE chain = 'avalanche' AND address = '0xb31f66aa3c1e785363f0875a1b74e27b85fd66c7')),
  ('9d1c294d-d2cb-5b2f-bcdd-e70eb76b811e', 'abb3dfb7-d63b-5e8d-ac9f-03a73babcb45', (SELECT id FROM defi_token WHERE chain = 'avalanche' AND address = '0xb31f66aa3c1e785363f0875a1b74e27b85fd66c7'), (SELECT id FROM defi_token WHERE chain = 'avalanche' AND address = '0xfc421ad3c883bf9e7c4f42de845c4e4405799e73')),
  ('ee0b4848-beef-557d-aa36-f8df1d4c9f7a', 'abb3dfb7-d63b-5e8d-ac9f-03a73babcb45', (SELECT id FROM defi_token WHERE chain = 'avalanche' AND address = '0xc891eb4cbdeff6e073e859e987815ed1505c2acd'), (SELECT id FROM defi_token WHERE chain = 'avalanche' AND address = '0xb31f66aa3c1e785363f0875a1b74e27b85fd66c7')),
  ('d28b1070-52db-530d-b08c-8b516ed2d074', 'abb3dfb7-d63b-5e8d-ac9f-03a73babcb45', (SELECT id FROM defi_token WHERE chain = 'avalanche' AND address = '0xb31f66aa3c1e785363f0875a1b74e27b85fd66c7'), (SELECT id FROM defi_token WHERE chain = 'avalanche' AND address = '0xc891eb4cbdeff6e073e859e987815ed1505c2acd')),
  ('ebbd540d-4ec7-5b6c-bad1-f299305420e9', 'abb3dfb7-d63b-5e8d-ac9f-03a73babcb45', (SELECT id FROM defi_token WHERE chain = 'avalanche' AND address = '0x5d3a1ff2b6bab83b63cd9ad0787074081a52ef34'), (SELECT id FROM defi_token WHERE chain = 'avalanche' AND address = '0xb31f66aa3c1e785363f0875a1b74e27b85fd66c7')),
  ('a8bb08c6-fa8b-5f74-b757-c4f3fefe90a2', 'abb3dfb7-d63b-5e8d-ac9f-03a73babcb45', (SELECT id FROM defi_token WHERE chain = 'avalanche' AND address = '0xb31f66aa3c1e785363f0875a1b74e27b85fd66c7'), (SELECT id FROM defi_token WHERE chain = 'avalanche' AND address = '0x5d3a1ff2b6bab83b63cd9ad0787074081a52ef34')),
  ('071a924e-3a57-5e9e-b2bf-031892d7a983', 'abb3dfb7-d63b-5e8d-ac9f-03a73babcb45', (SELECT id FROM defi_token WHERE chain = 'avalanche' AND address = '0x211cc4dd073734da055fbf44a2b4667d5e5fe5d2'), (SELECT id FROM defi_token WHERE chain = 'avalanche' AND address = '0xb31f66aa3c1e785363f0875a1b74e27b85fd66c7')),
  ('6334d15b-7195-54c0-b8df-7373dedcb953', 'abb3dfb7-d63b-5e8d-ac9f-03a73babcb45', (SELECT id FROM defi_token WHERE chain = 'avalanche' AND address = '0xb31f66aa3c1e785363f0875a1b74e27b85fd66c7'), (SELECT id FROM defi_token WHERE chain = 'avalanche' AND address = '0x211cc4dd073734da055fbf44a2b4667d5e5fe5d2')),
  ('6baa6d0a-4287-5259-8b0e-e5af096641eb', 'abb3dfb7-d63b-5e8d-ac9f-03a73babcb45', (SELECT id FROM defi_token WHERE chain = 'avalanche' AND address = '0x7bfd4ca2a6cf3a3fddd645d10b323031afe47ff0'), (SELECT id FROM defi_token WHERE chain = 'avalanche' AND address = '0xb31f66aa3c1e785363f0875a1b74e27b85fd66c7')),
  ('fab20804-76ee-52fe-8c86-382423c482cc', 'abb3dfb7-d63b-5e8d-ac9f-03a73babcb45', (SELECT id FROM defi_token WHERE chain = 'avalanche' AND address = '0xb31f66aa3c1e785363f0875a1b74e27b85fd66c7'), (SELECT id FROM defi_token WHERE chain = 'avalanche' AND address = '0x7bfd4ca2a6cf3a3fddd645d10b323031afe47ff0')),
  ('544e022d-96e5-5af0-b106-973dcd81b921', 'abb3dfb7-d63b-5e8d-ac9f-03a73babcb45', (SELECT id FROM defi_token WHERE chain = 'avalanche' AND address = '0xd586e7f844cea2f87f50152665bcbc2c279d8d70'), (SELECT id FROM defi_token WHERE chain = 'avalanche' AND address = '0x49d5c2bdffac6ce2bfdb6640f4f80f226bc10bab')),
  ('4155f82a-54ca-5ee9-9d17-7a8f01418393', 'abb3dfb7-d63b-5e8d-ac9f-03a73babcb45', (SELECT id FROM defi_token WHERE chain = 'avalanche' AND address = '0x49d5c2bdffac6ce2bfdb6640f4f80f226bc10bab'), (SELECT id FROM defi_token WHERE chain = 'avalanche' AND address = '0xd586e7f844cea2f87f50152665bcbc2c279d8d70')),
  ('37673524-143a-5ad7-9f76-904fafab7e55', 'abb3dfb7-d63b-5e8d-ac9f-03a73babcb45', (SELECT id FROM defi_token WHERE chain = 'avalanche' AND address = '0x5947bb275c521040051d82396192181b413227a3'), (SELECT id FROM defi_token WHERE chain = 'avalanche' AND address = '0x49d5c2bdffac6ce2bfdb6640f4f80f226bc10bab')),
  ('7229696d-c718-521d-9526-2405fe346e79', 'abb3dfb7-d63b-5e8d-ac9f-03a73babcb45', (SELECT id FROM defi_token WHERE chain = 'avalanche' AND address = '0x49d5c2bdffac6ce2bfdb6640f4f80f226bc10bab'), (SELECT id FROM defi_token WHERE chain = 'avalanche' AND address = '0x5947bb275c521040051d82396192181b413227a3')),
  ('629b5956-4a88-556d-a134-b6afba9058c3', 'abb3dfb7-d63b-5e8d-ac9f-03a73babcb45', (SELECT id FROM defi_token WHERE chain = 'avalanche' AND address = '0xb97ef9ef8734c71904d8002f8b6bc66dd9c48a6e'), (SELECT id FROM defi_token WHERE chain = 'avalanche' AND address = '0x49d5c2bdffac6ce2bfdb6640f4f80f226bc10bab')),
  ('1cf9b018-3778-5329-9418-41df5ff3976d', 'abb3dfb7-d63b-5e8d-ac9f-03a73babcb45', (SELECT id FROM defi_token WHERE chain = 'avalanche' AND address = '0x49d5c2bdffac6ce2bfdb6640f4f80f226bc10bab'), (SELECT id FROM defi_token WHERE chain = 'avalanche' AND address = '0xb97ef9ef8734c71904d8002f8b6bc66dd9c48a6e')),
  ('8e766796-a908-52bb-bc46-378f15dd7741', 'abb3dfb7-d63b-5e8d-ac9f-03a73babcb45', (SELECT id FROM defi_token WHERE chain = 'avalanche' AND address = '0x50b7545627a5162f82a992c33b87adc75187b218'), (SELECT id FROM defi_token WHERE chain = 'avalanche' AND address = '0x49d5c2bdffac6ce2bfdb6640f4f80f226bc10bab')),
  ('b101ab7e-66f7-5673-a9b8-16e58fc26c5f', 'abb3dfb7-d63b-5e8d-ac9f-03a73babcb45', (SELECT id FROM defi_token WHERE chain = 'avalanche' AND address = '0x49d5c2bdffac6ce2bfdb6640f4f80f226bc10bab'), (SELECT id FROM defi_token WHERE chain = 'avalanche' AND address = '0x50b7545627a5162f82a992c33b87adc75187b218')),
  ('fcf73436-384b-5390-a390-9e62fe5dd8b2', 'abb3dfb7-d63b-5e8d-ac9f-03a73babcb45', (SELECT id FROM defi_token WHERE chain = 'avalanche' AND address = '0x9702230a8ea53601f5cd2dc00fdbc13d4df4a8c7'), (SELECT id FROM defi_token WHERE chain = 'avalanche' AND address = '0x49d5c2bdffac6ce2bfdb6640f4f80f226bc10bab')),
  ('31863e11-195b-5725-9aec-f45d0a236e2a', 'abb3dfb7-d63b-5e8d-ac9f-03a73babcb45', (SELECT id FROM defi_token WHERE chain = 'avalanche' AND address = '0x49d5c2bdffac6ce2bfdb6640f4f80f226bc10bab'), (SELECT id FROM defi_token WHERE chain = 'avalanche' AND address = '0x9702230a8ea53601f5cd2dc00fdbc13d4df4a8c7')),
  ('7462b5f8-b7ac-55d3-b30b-c1abc1f2d317', 'abb3dfb7-d63b-5e8d-ac9f-03a73babcb45', (SELECT id FROM defi_token WHERE chain = 'avalanche' AND address = '0x63a72806098bd3d9520cc43356dd78afe5d386d9'), (SELECT id FROM defi_token WHERE chain = 'avalanche' AND address = '0x49d5c2bdffac6ce2bfdb6640f4f80f226bc10bab')),
  ('cd69651a-1d70-50a6-9163-ddb0c4361070', 'abb3dfb7-d63b-5e8d-ac9f-03a73babcb45', (SELECT id FROM defi_token WHERE chain = 'avalanche' AND address = '0x49d5c2bdffac6ce2bfdb6640f4f80f226bc10bab'), (SELECT id FROM defi_token WHERE chain = 'avalanche' AND address = '0x63a72806098bd3d9520cc43356dd78afe5d386d9')),
  ('41dee9a1-9020-5280-a839-3a3c385e2bd0', 'abb3dfb7-d63b-5e8d-ac9f-03a73babcb45', (SELECT id FROM defi_token WHERE chain = 'avalanche' AND address = '0x2b2c81e08f1af8835a78bb2a90ae924ace0ea4be'), (SELECT id FROM defi_token WHERE chain = 'avalanche' AND address = '0x49d5c2bdffac6ce2bfdb6640f4f80f226bc10bab')),
  ('f39c2188-93e4-568c-88d9-10e6bcbdcf54', 'abb3dfb7-d63b-5e8d-ac9f-03a73babcb45', (SELECT id FROM defi_token WHERE chain = 'avalanche' AND address = '0x49d5c2bdffac6ce2bfdb6640f4f80f226bc10bab'), (SELECT id FROM defi_token WHERE chain = 'avalanche' AND address = '0x2b2c81e08f1af8835a78bb2a90ae924ace0ea4be')),
  ('a6b02562-792f-5f2f-a988-6594c5c4cf7d', 'abb3dfb7-d63b-5e8d-ac9f-03a73babcb45', (SELECT id FROM defi_token WHERE chain = 'avalanche' AND address = '0xd24c2ad096400b6fbcd2ad8b24e7acbc21a1da64'), (SELECT id FROM defi_token WHERE chain = 'avalanche' AND address = '0x49d5c2bdffac6ce2bfdb6640f4f80f226bc10bab')),
  ('69bec1cc-44d3-5db7-9e4b-eb109799b411', 'abb3dfb7-d63b-5e8d-ac9f-03a73babcb45', (SELECT id FROM defi_token WHERE chain = 'avalanche' AND address = '0x49d5c2bdffac6ce2bfdb6640f4f80f226bc10bab'), (SELECT id FROM defi_token WHERE chain = 'avalanche' AND address = '0xd24c2ad096400b6fbcd2ad8b24e7acbc21a1da64')),
  ('309b77d9-a908-5f72-9807-e23851513698', 'abb3dfb7-d63b-5e8d-ac9f-03a73babcb45', (SELECT id FROM defi_token WHERE chain = 'avalanche' AND address = '0x5c49b268c9841aff1cc3b0a418ff5c3442ee3f3b'), (SELECT id FROM defi_token WHERE chain = 'avalanche' AND address = '0x49d5c2bdffac6ce2bfdb6640f4f80f226bc10bab')),
  ('a30ec5ae-4e00-50ed-945a-4f5bc4171fca', 'abb3dfb7-d63b-5e8d-ac9f-03a73babcb45', (SELECT id FROM defi_token WHERE chain = 'avalanche' AND address = '0x49d5c2bdffac6ce2bfdb6640f4f80f226bc10bab'), (SELECT id FROM defi_token WHERE chain = 'avalanche' AND address = '0x5c49b268c9841aff1cc3b0a418ff5c3442ee3f3b')),
  ('97980aab-e484-5c56-bce3-74c509107af0', 'abb3dfb7-d63b-5e8d-ac9f-03a73babcb45', (SELECT id FROM defi_token WHERE chain = 'avalanche' AND address = '0x152b9d0fdc40c096757f570a51e494bd4b943e50'), (SELECT id FROM defi_token WHERE chain = 'avalanche' AND address = '0x49d5c2bdffac6ce2bfdb6640f4f80f226bc10bab')),
  ('247cf3e5-57c5-552b-9d12-f193f2dd9720', 'abb3dfb7-d63b-5e8d-ac9f-03a73babcb45', (SELECT id FROM defi_token WHERE chain = 'avalanche' AND address = '0x49d5c2bdffac6ce2bfdb6640f4f80f226bc10bab'), (SELECT id FROM defi_token WHERE chain = 'avalanche' AND address = '0x152b9d0fdc40c096757f570a51e494bd4b943e50')),
  ('b7125e0c-ce0b-593d-84c6-65b923e5bee7', 'abb3dfb7-d63b-5e8d-ac9f-03a73babcb45', (SELECT id FROM defi_token WHERE chain = 'avalanche' AND address = '0x00000000efe302beaa2b3e6e1b18d08d69a9012a'), (SELECT id FROM defi_token WHERE chain = 'avalanche' AND address = '0x49d5c2bdffac6ce2bfdb6640f4f80f226bc10bab')),
  ('f439001b-bfe6-506c-bd1d-6e9b8ad6fb46', 'abb3dfb7-d63b-5e8d-ac9f-03a73babcb45', (SELECT id FROM defi_token WHERE chain = 'avalanche' AND address = '0x49d5c2bdffac6ce2bfdb6640f4f80f226bc10bab'), (SELECT id FROM defi_token WHERE chain = 'avalanche' AND address = '0x00000000efe302beaa2b3e6e1b18d08d69a9012a')),
  ('3111b91b-e4f0-51e9-a97c-706a848b0c97', 'abb3dfb7-d63b-5e8d-ac9f-03a73babcb45', (SELECT id FROM defi_token WHERE chain = 'avalanche' AND address = '0xfc421ad3c883bf9e7c4f42de845c4e4405799e73'), (SELECT id FROM defi_token WHERE chain = 'avalanche' AND address = '0x49d5c2bdffac6ce2bfdb6640f4f80f226bc10bab')),
  ('592a62ee-9f6c-594f-9e5f-40dd0f9d792f', 'abb3dfb7-d63b-5e8d-ac9f-03a73babcb45', (SELECT id FROM defi_token WHERE chain = 'avalanche' AND address = '0x49d5c2bdffac6ce2bfdb6640f4f80f226bc10bab'), (SELECT id FROM defi_token WHERE chain = 'avalanche' AND address = '0xfc421ad3c883bf9e7c4f42de845c4e4405799e73')),
  ('26a01d21-4ee1-52c1-8647-d5655144e54f', 'abb3dfb7-d63b-5e8d-ac9f-03a73babcb45', (SELECT id FROM defi_token WHERE chain = 'avalanche' AND address = '0xc891eb4cbdeff6e073e859e987815ed1505c2acd'), (SELECT id FROM defi_token WHERE chain = 'avalanche' AND address = '0x49d5c2bdffac6ce2bfdb6640f4f80f226bc10bab')),
  ('41dd16c7-db48-5b5f-98fe-5dcd5b5e8b9e', 'abb3dfb7-d63b-5e8d-ac9f-03a73babcb45', (SELECT id FROM defi_token WHERE chain = 'avalanche' AND address = '0x49d5c2bdffac6ce2bfdb6640f4f80f226bc10bab'), (SELECT id FROM defi_token WHERE chain = 'avalanche' AND address = '0xc891eb4cbdeff6e073e859e987815ed1505c2acd')),
  ('659a53bd-5fb4-51e1-a401-02199c9db7f3', 'abb3dfb7-d63b-5e8d-ac9f-03a73babcb45', (SELECT id FROM defi_token WHERE chain = 'avalanche' AND address = '0x5d3a1ff2b6bab83b63cd9ad0787074081a52ef34'), (SELECT id FROM defi_token WHERE chain = 'avalanche' AND address = '0x49d5c2bdffac6ce2bfdb6640f4f80f226bc10bab')),
  ('6b61ab0f-8bfd-5a12-9b4a-6b03c68b3735', 'abb3dfb7-d63b-5e8d-ac9f-03a73babcb45', (SELECT id FROM defi_token WHERE chain = 'avalanche' AND address = '0x49d5c2bdffac6ce2bfdb6640f4f80f226bc10bab'), (SELECT id FROM defi_token WHERE chain = 'avalanche' AND address = '0x5d3a1ff2b6bab83b63cd9ad0787074081a52ef34')),
  ('758d5ccb-fa9b-5a2f-a41f-07a4ae6cec63', 'abb3dfb7-d63b-5e8d-ac9f-03a73babcb45', (SELECT id FROM defi_token WHERE chain = 'avalanche' AND address = '0x211cc4dd073734da055fbf44a2b4667d5e5fe5d2'), (SELECT id FROM defi_token WHERE chain = 'avalanche' AND address = '0x49d5c2bdffac6ce2bfdb6640f4f80f226bc10bab')),
  ('04e0da7e-6ada-5cc8-a4c9-cb10f05688c4', 'abb3dfb7-d63b-5e8d-ac9f-03a73babcb45', (SELECT id FROM defi_token WHERE chain = 'avalanche' AND address = '0x49d5c2bdffac6ce2bfdb6640f4f80f226bc10bab'), (SELECT id FROM defi_token WHERE chain = 'avalanche' AND address = '0x211cc4dd073734da055fbf44a2b4667d5e5fe5d2')),
  ('93c7016a-54fc-5892-a57d-0a92c3764738', 'abb3dfb7-d63b-5e8d-ac9f-03a73babcb45', (SELECT id FROM defi_token WHERE chain = 'avalanche' AND address = '0x7bfd4ca2a6cf3a3fddd645d10b323031afe47ff0'), (SELECT id FROM defi_token WHERE chain = 'avalanche' AND address = '0x49d5c2bdffac6ce2bfdb6640f4f80f226bc10bab')),
  ('ebcb6c29-c70a-5cc7-9641-ca13dc9bfc72', 'abb3dfb7-d63b-5e8d-ac9f-03a73babcb45', (SELECT id FROM defi_token WHERE chain = 'avalanche' AND address = '0x49d5c2bdffac6ce2bfdb6640f4f80f226bc10bab'), (SELECT id FROM defi_token WHERE chain = 'avalanche' AND address = '0x7bfd4ca2a6cf3a3fddd645d10b323031afe47ff0')),
  ('92d3b74c-c264-5731-8a05-08db3267fbf7', 'abb3dfb7-d63b-5e8d-ac9f-03a73babcb45', (SELECT id FROM defi_token WHERE chain = 'avalanche' AND address = '0xd586e7f844cea2f87f50152665bcbc2c279d8d70'), (SELECT id FROM defi_token WHERE chain = 'avalanche' AND address = '0xb97ef9ef8734c71904d8002f8b6bc66dd9c48a6e')),
  ('44575d3c-2ec2-5706-8ec4-ab0d38924c85', 'abb3dfb7-d63b-5e8d-ac9f-03a73babcb45', (SELECT id FROM defi_token WHERE chain = 'avalanche' AND address = '0xb97ef9ef8734c71904d8002f8b6bc66dd9c48a6e'), (SELECT id FROM defi_token WHERE chain = 'avalanche' AND address = '0xd586e7f844cea2f87f50152665bcbc2c279d8d70')),
  ('7f451a8b-3226-5ef4-9744-7fd46ffd3911', 'abb3dfb7-d63b-5e8d-ac9f-03a73babcb45', (SELECT id FROM defi_token WHERE chain = 'avalanche' AND address = '0x5947bb275c521040051d82396192181b413227a3'), (SELECT id FROM defi_token WHERE chain = 'avalanche' AND address = '0xb97ef9ef8734c71904d8002f8b6bc66dd9c48a6e')),
  ('6f032098-a4d9-5385-962d-2b97b71c28df', 'abb3dfb7-d63b-5e8d-ac9f-03a73babcb45', (SELECT id FROM defi_token WHERE chain = 'avalanche' AND address = '0xb97ef9ef8734c71904d8002f8b6bc66dd9c48a6e'), (SELECT id FROM defi_token WHERE chain = 'avalanche' AND address = '0x5947bb275c521040051d82396192181b413227a3')),
  ('795a4a80-15cc-5af0-88a4-a13d9c035f06', 'abb3dfb7-d63b-5e8d-ac9f-03a73babcb45', (SELECT id FROM defi_token WHERE chain = 'avalanche' AND address = '0x50b7545627a5162f82a992c33b87adc75187b218'), (SELECT id FROM defi_token WHERE chain = 'avalanche' AND address = '0xb97ef9ef8734c71904d8002f8b6bc66dd9c48a6e')),
  ('79f4a92d-420c-55e5-97a0-783851757044', 'abb3dfb7-d63b-5e8d-ac9f-03a73babcb45', (SELECT id FROM defi_token WHERE chain = 'avalanche' AND address = '0xb97ef9ef8734c71904d8002f8b6bc66dd9c48a6e'), (SELECT id FROM defi_token WHERE chain = 'avalanche' AND address = '0x50b7545627a5162f82a992c33b87adc75187b218')),
  ('c2b28abf-0349-5726-8a19-7388a044c895', 'abb3dfb7-d63b-5e8d-ac9f-03a73babcb45', (SELECT id FROM defi_token WHERE chain = 'avalanche' AND address = '0x9702230a8ea53601f5cd2dc00fdbc13d4df4a8c7'), (SELECT id FROM defi_token WHERE chain = 'avalanche' AND address = '0xb97ef9ef8734c71904d8002f8b6bc66dd9c48a6e')),
  ('00dca595-539f-511c-b565-93fc0bdf17b5', 'abb3dfb7-d63b-5e8d-ac9f-03a73babcb45', (SELECT id FROM defi_token WHERE chain = 'avalanche' AND address = '0xb97ef9ef8734c71904d8002f8b6bc66dd9c48a6e'), (SELECT id FROM defi_token WHERE chain = 'avalanche' AND address = '0x9702230a8ea53601f5cd2dc00fdbc13d4df4a8c7')),
  ('d34951fa-97fc-526c-b19e-678290aa7ddf', 'abb3dfb7-d63b-5e8d-ac9f-03a73babcb45', (SELECT id FROM defi_token WHERE chain = 'avalanche' AND address = '0x63a72806098bd3d9520cc43356dd78afe5d386d9'), (SELECT id FROM defi_token WHERE chain = 'avalanche' AND address = '0xb97ef9ef8734c71904d8002f8b6bc66dd9c48a6e')),
  ('9814ecaa-0884-515c-b3b6-dc83fcc5bc5c', 'abb3dfb7-d63b-5e8d-ac9f-03a73babcb45', (SELECT id FROM defi_token WHERE chain = 'avalanche' AND address = '0xb97ef9ef8734c71904d8002f8b6bc66dd9c48a6e'), (SELECT id FROM defi_token WHERE chain = 'avalanche' AND address = '0x63a72806098bd3d9520cc43356dd78afe5d386d9')),
  ('f1d8e203-bc2d-5636-9858-1bde5498490d', 'abb3dfb7-d63b-5e8d-ac9f-03a73babcb45', (SELECT id FROM defi_token WHERE chain = 'avalanche' AND address = '0x2b2c81e08f1af8835a78bb2a90ae924ace0ea4be'), (SELECT id FROM defi_token WHERE chain = 'avalanche' AND address = '0xb97ef9ef8734c71904d8002f8b6bc66dd9c48a6e')),
  ('12cbdd2f-461e-5d0d-ace6-e5aea68ee207', 'abb3dfb7-d63b-5e8d-ac9f-03a73babcb45', (SELECT id FROM defi_token WHERE chain = 'avalanche' AND address = '0xb97ef9ef8734c71904d8002f8b6bc66dd9c48a6e'), (SELECT id FROM defi_token WHERE chain = 'avalanche' AND address = '0x2b2c81e08f1af8835a78bb2a90ae924ace0ea4be')),
  ('fb63849b-7741-5290-91a2-cf4eb62240bd', 'abb3dfb7-d63b-5e8d-ac9f-03a73babcb45', (SELECT id FROM defi_token WHERE chain = 'avalanche' AND address = '0xd24c2ad096400b6fbcd2ad8b24e7acbc21a1da64'), (SELECT id FROM defi_token WHERE chain = 'avalanche' AND address = '0xb97ef9ef8734c71904d8002f8b6bc66dd9c48a6e')),
  ('ab7e6592-b096-58f7-b55f-0dbd2b4f7ae8', 'abb3dfb7-d63b-5e8d-ac9f-03a73babcb45', (SELECT id FROM defi_token WHERE chain = 'avalanche' AND address = '0xb97ef9ef8734c71904d8002f8b6bc66dd9c48a6e'), (SELECT id FROM defi_token WHERE chain = 'avalanche' AND address = '0xd24c2ad096400b6fbcd2ad8b24e7acbc21a1da64')),
  ('beb2298a-7529-52f9-aad1-03f0d7e04e11', 'abb3dfb7-d63b-5e8d-ac9f-03a73babcb45', (SELECT id FROM defi_token WHERE chain = 'avalanche' AND address = '0x5c49b268c9841aff1cc3b0a418ff5c3442ee3f3b'), (SELECT id FROM defi_token WHERE chain = 'avalanche' AND address = '0xb97ef9ef8734c71904d8002f8b6bc66dd9c48a6e')),
  ('dd81340d-0aef-5368-bde7-34268b269665', 'abb3dfb7-d63b-5e8d-ac9f-03a73babcb45', (SELECT id FROM defi_token WHERE chain = 'avalanche' AND address = '0xb97ef9ef8734c71904d8002f8b6bc66dd9c48a6e'), (SELECT id FROM defi_token WHERE chain = 'avalanche' AND address = '0x5c49b268c9841aff1cc3b0a418ff5c3442ee3f3b')),
  ('01d2695c-3fba-50cf-a1d5-5d6780485ca7', 'abb3dfb7-d63b-5e8d-ac9f-03a73babcb45', (SELECT id FROM defi_token WHERE chain = 'avalanche' AND address = '0x152b9d0fdc40c096757f570a51e494bd4b943e50'), (SELECT id FROM defi_token WHERE chain = 'avalanche' AND address = '0xb97ef9ef8734c71904d8002f8b6bc66dd9c48a6e')),
  ('f296b9a9-4570-55e4-868e-6b9886272e87', 'abb3dfb7-d63b-5e8d-ac9f-03a73babcb45', (SELECT id FROM defi_token WHERE chain = 'avalanche' AND address = '0xb97ef9ef8734c71904d8002f8b6bc66dd9c48a6e'), (SELECT id FROM defi_token WHERE chain = 'avalanche' AND address = '0x152b9d0fdc40c096757f570a51e494bd4b943e50')),
  ('7eb9630e-0d5e-5fb2-8773-6a4787bcc436', 'abb3dfb7-d63b-5e8d-ac9f-03a73babcb45', (SELECT id FROM defi_token WHERE chain = 'avalanche' AND address = '0x00000000efe302beaa2b3e6e1b18d08d69a9012a'), (SELECT id FROM defi_token WHERE chain = 'avalanche' AND address = '0xb97ef9ef8734c71904d8002f8b6bc66dd9c48a6e')),
  ('aec8c8c9-d323-5ecd-bd79-220e19b2dbcd', 'abb3dfb7-d63b-5e8d-ac9f-03a73babcb45', (SELECT id FROM defi_token WHERE chain = 'avalanche' AND address = '0xb97ef9ef8734c71904d8002f8b6bc66dd9c48a6e'), (SELECT id FROM defi_token WHERE chain = 'avalanche' AND address = '0x00000000efe302beaa2b3e6e1b18d08d69a9012a')),
  ('f06c1cda-7536-520f-afcd-f5b5f88281ba', 'abb3dfb7-d63b-5e8d-ac9f-03a73babcb45', (SELECT id FROM defi_token WHERE chain = 'avalanche' AND address = '0xfc421ad3c883bf9e7c4f42de845c4e4405799e73'), (SELECT id FROM defi_token WHERE chain = 'avalanche' AND address = '0xb97ef9ef8734c71904d8002f8b6bc66dd9c48a6e')),
  ('e729c85b-8b83-5629-bf53-aa1110af14a3', 'abb3dfb7-d63b-5e8d-ac9f-03a73babcb45', (SELECT id FROM defi_token WHERE chain = 'avalanche' AND address = '0xb97ef9ef8734c71904d8002f8b6bc66dd9c48a6e'), (SELECT id FROM defi_token WHERE chain = 'avalanche' AND address = '0xfc421ad3c883bf9e7c4f42de845c4e4405799e73')),
  ('dfb17fa4-6578-52fb-a9dc-0b9ec4c81da4', 'abb3dfb7-d63b-5e8d-ac9f-03a73babcb45', (SELECT id FROM defi_token WHERE chain = 'avalanche' AND address = '0xc891eb4cbdeff6e073e859e987815ed1505c2acd'), (SELECT id FROM defi_token WHERE chain = 'avalanche' AND address = '0xb97ef9ef8734c71904d8002f8b6bc66dd9c48a6e')),
  ('21209950-2b2d-5d45-a738-04a726b063d1', 'abb3dfb7-d63b-5e8d-ac9f-03a73babcb45', (SELECT id FROM defi_token WHERE chain = 'avalanche' AND address = '0xb97ef9ef8734c71904d8002f8b6bc66dd9c48a6e'), (SELECT id FROM defi_token WHERE chain = 'avalanche' AND address = '0xc891eb4cbdeff6e073e859e987815ed1505c2acd')),
  ('fa4347c6-1436-5cf5-b028-0b2a168b9a2c', 'abb3dfb7-d63b-5e8d-ac9f-03a73babcb45', (SELECT id FROM defi_token WHERE chain = 'avalanche' AND address = '0x5d3a1ff2b6bab83b63cd9ad0787074081a52ef34'), (SELECT id FROM defi_token WHERE chain = 'avalanche' AND address = '0xb97ef9ef8734c71904d8002f8b6bc66dd9c48a6e')),
  ('c76e61b1-7e5c-5385-889a-9fc0845feaa1', 'abb3dfb7-d63b-5e8d-ac9f-03a73babcb45', (SELECT id FROM defi_token WHERE chain = 'avalanche' AND address = '0xb97ef9ef8734c71904d8002f8b6bc66dd9c48a6e'), (SELECT id FROM defi_token WHERE chain = 'avalanche' AND address = '0x5d3a1ff2b6bab83b63cd9ad0787074081a52ef34')),
  ('86e17465-0790-5587-8a87-f328ca458b39', 'abb3dfb7-d63b-5e8d-ac9f-03a73babcb45', (SELECT id FROM defi_token WHERE chain = 'avalanche' AND address = '0x211cc4dd073734da055fbf44a2b4667d5e5fe5d2'), (SELECT id FROM defi_token WHERE chain = 'avalanche' AND address = '0xb97ef9ef8734c71904d8002f8b6bc66dd9c48a6e')),
  ('2c81c8da-e60f-5a21-b9c9-5ba35a915bcf', 'abb3dfb7-d63b-5e8d-ac9f-03a73babcb45', (SELECT id FROM defi_token WHERE chain = 'avalanche' AND address = '0xb97ef9ef8734c71904d8002f8b6bc66dd9c48a6e'), (SELECT id FROM defi_token WHERE chain = 'avalanche' AND address = '0x211cc4dd073734da055fbf44a2b4667d5e5fe5d2')),
  ('da549d8d-15d1-549d-9db9-495858363c87', 'abb3dfb7-d63b-5e8d-ac9f-03a73babcb45', (SELECT id FROM defi_token WHERE chain = 'avalanche' AND address = '0x7bfd4ca2a6cf3a3fddd645d10b323031afe47ff0'), (SELECT id FROM defi_token WHERE chain = 'avalanche' AND address = '0xb97ef9ef8734c71904d8002f8b6bc66dd9c48a6e')),
  ('23bfaa33-8736-5acd-894f-813c50845beb', 'abb3dfb7-d63b-5e8d-ac9f-03a73babcb45', (SELECT id FROM defi_token WHERE chain = 'avalanche' AND address = '0xb97ef9ef8734c71904d8002f8b6bc66dd9c48a6e'), (SELECT id FROM defi_token WHERE chain = 'avalanche' AND address = '0x7bfd4ca2a6cf3a3fddd645d10b323031afe47ff0'))
ON CONFLICT (id) DO UPDATE SET
  action_id = EXCLUDED.action_id, token_in_id = EXCLUDED.token_in_id,
  token_out_id = EXCLUDED.token_out_id;
