-- GENERATED FILE — do not edit by hand.
-- Source: scripts/generate-module-seed.mjs (token addresses from @bgd-labs/aave-address-book)
-- Regenerate: node scripts/generate-module-seed.mjs
-- Requires 0001-defi-token.sql to have been applied: pairs resolve token ids by
-- (chain, address) subselect.
--
-- Ids are deterministic (uuid v5), so re-running updates rows in place.

INSERT INTO defi_modules (id, name, protocol, category, icon_url, description, website_url, is_active, chain, chain_id) VALUES
  ('23d0779a-ab0a-542d-9a8f-077945770c73', 'Aave V3 (avalanche)', 'AAVE', 'LENDING', '/icons/aave.png', 'Supply collateral and borrow against it on Aave v3.', 'https://aave.com', true, 'avalanche', 43114),
  ('29475825-39b0-5799-ad04-9406f73a2b56', 'Aave V3 (base)', 'AAVE', 'LENDING', '/icons/aave.png', 'Supply collateral and borrow against it on Aave v3.', 'https://aave.com', true, 'base', 8453),
  ('2cae92e7-58d1-5774-881a-7106f03929f2', 'Aave V3 (arbitrum)', 'AAVE', 'LENDING', '/icons/aave.png', 'Supply collateral and borrow against it on Aave v3.', 'https://aave.com', true, 'arbitrum', 42161),
  ('93853910-fd98-5506-9f66-d468b93092a0', 'Trader Joe (avalanche)', 'TRADER_JOE', 'DEX', '/icons/trader-joe.png', 'Swap tokens through Trader Joe (LFJ) Liquidity Book v2.2.', 'https://lfj.gg', true, 'avalanche', 43114),
  ('e03ece49-5a0a-5674-a127-4fab12b9eab8', 'Trader Joe (arbitrum)', 'TRADER_JOE', 'DEX', '/icons/trader-joe.png', 'Swap tokens through Trader Joe (LFJ) Liquidity Book v2.2.', 'https://lfj.gg', true, 'arbitrum', 42161)
ON CONFLICT (id) DO UPDATE SET
  name = EXCLUDED.name, protocol = EXCLUDED.protocol, category = EXCLUDED.category,
  icon_url = EXCLUDED.icon_url, description = EXCLUDED.description,
  website_url = EXCLUDED.website_url, is_active = EXCLUDED.is_active,
  chain = EXCLUDED.chain, chain_id = EXCLUDED.chain_id;

INSERT INTO defi_module_actions (id, module_id, name, pallet, call, description, param_schema, risk_level, is_active) VALUES
  ('b24184b5-5a31-5b4f-a240-32d1b502df98', '23d0779a-ab0a-542d-9a8f-077945770c73', 'Supply', NULL, NULL, 'Deposit a token as collateral.', '{"amount":{"type":"number","required":true},"tokenIn":{"type":"address","required":true}}'::jsonb, 'LOW', true),
  ('2a5bfc9b-7d9b-5303-a6e2-018e3b626d48', '23d0779a-ab0a-542d-9a8f-077945770c73', 'Borrow', NULL, NULL, 'Borrow a token against supplied collateral.', '{"amount":{"type":"number","required":true},"tokenIn":{"type":"address","required":true}}'::jsonb, 'MEDIUM', true),
  ('3d10ebf6-e218-5af9-a817-ecc24ca9786e', '29475825-39b0-5799-ad04-9406f73a2b56', 'Supply', NULL, NULL, 'Deposit a token as collateral.', '{"amount":{"type":"number","required":true},"tokenIn":{"type":"address","required":true}}'::jsonb, 'LOW', true),
  ('26a65ea7-d1e8-5d90-8b92-5598268b03ff', '29475825-39b0-5799-ad04-9406f73a2b56', 'Borrow', NULL, NULL, 'Borrow a token against supplied collateral.', '{"amount":{"type":"number","required":true},"tokenIn":{"type":"address","required":true}}'::jsonb, 'MEDIUM', true),
  ('6a3b87b7-41e8-5a54-8676-c7a45d376243', '2cae92e7-58d1-5774-881a-7106f03929f2', 'Supply', NULL, NULL, 'Deposit a token as collateral.', '{"amount":{"type":"number","required":true},"tokenIn":{"type":"address","required":true}}'::jsonb, 'LOW', true),
  ('3cd986f9-cda4-5248-aa62-11576f3d2052', '2cae92e7-58d1-5774-881a-7106f03929f2', 'Borrow', NULL, NULL, 'Borrow a token against supplied collateral.', '{"amount":{"type":"number","required":true},"tokenIn":{"type":"address","required":true}}'::jsonb, 'MEDIUM', true),
  ('abb3dfb7-d63b-5e8d-ac9f-03a73babcb45', '93853910-fd98-5506-9f66-d468b93092a0', 'Swap', NULL, NULL, 'Swap one token for another.', '{"amount":{"type":"number","required":true},"tokenIn":{"type":"address","required":true},"tokenOut":{"type":"address","required":true}}'::jsonb, 'LOW', true),
  ('c67ce441-0e59-5146-ab52-91e244982139', 'e03ece49-5a0a-5674-a127-4fab12b9eab8', 'Swap', NULL, NULL, 'Swap one token for another.', '{"amount":{"type":"number","required":true},"tokenIn":{"type":"address","required":true},"tokenOut":{"type":"address","required":true}}'::jsonb, 'LOW', true)
ON CONFLICT (id) DO UPDATE SET
  module_id = EXCLUDED.module_id, name = EXCLUDED.name, description = EXCLUDED.description,
  param_schema = EXCLUDED.param_schema, risk_level = EXCLUDED.risk_level,
  is_active = EXCLUDED.is_active;

INSERT INTO defi_pairs (id, action_id, token_in_id, token_out_id) VALUES
  ('bcbce474-e4e6-5369-bd41-4f8287c1fae1', 'b24184b5-5a31-5b4f-a240-32d1b502df98', (SELECT id FROM defi_token WHERE chain = 'avalanche' AND address = '0xd586e7f844cea2f87f50152665bcbc2c279d8d70'), NULL),
  ('2e8731ae-3351-508e-93a8-611c214d5580', 'b24184b5-5a31-5b4f-a240-32d1b502df98', (SELECT id FROM defi_token WHERE chain = 'avalanche' AND address = '0x5947bb275c521040051d82396192181b413227a3'), NULL),
  ('a07b1a7f-998d-56d3-83fa-e675d7df2c21', 'b24184b5-5a31-5b4f-a240-32d1b502df98', (SELECT id FROM defi_token WHERE chain = 'avalanche' AND address = '0xb97ef9ef8734c71904d8002f8b6bc66dd9c48a6e'), NULL),
  ('452dc2af-1168-5453-acb1-d7818494d477', 'b24184b5-5a31-5b4f-a240-32d1b502df98', (SELECT id FROM defi_token WHERE chain = 'avalanche' AND address = '0x50b7545627a5162f82a992c33b87adc75187b218'), NULL),
  ('b1890b0e-92ba-508a-9785-ef90a69ee75b', 'b24184b5-5a31-5b4f-a240-32d1b502df98', (SELECT id FROM defi_token WHERE chain = 'avalanche' AND address = '0x49d5c2bdffac6ce2bfdb6640f4f80f226bc10bab'), NULL),
  ('3a0f3ad4-8ecf-5101-9c36-338acd693734', 'b24184b5-5a31-5b4f-a240-32d1b502df98', (SELECT id FROM defi_token WHERE chain = 'avalanche' AND address = '0x9702230a8ea53601f5cd2dc00fdbc13d4df4a8c7'), NULL),
  ('97aef055-03b1-56e9-ac04-3d4543c97dc3', 'b24184b5-5a31-5b4f-a240-32d1b502df98', (SELECT id FROM defi_token WHERE chain = 'avalanche' AND address = '0x63a72806098bd3d9520cc43356dd78afe5d386d9'), NULL),
  ('ffa47eed-29be-5b97-a310-dbf9d3841c01', 'b24184b5-5a31-5b4f-a240-32d1b502df98', (SELECT id FROM defi_token WHERE chain = 'avalanche' AND address = '0xb31f66aa3c1e785363f0875a1b74e27b85fd66c7'), NULL),
  ('096c2dbf-b6dd-50b1-a6f4-91b04db4aafa', 'b24184b5-5a31-5b4f-a240-32d1b502df98', (SELECT id FROM defi_token WHERE chain = 'avalanche' AND address = '0x2b2c81e08f1af8835a78bb2a90ae924ace0ea4be'), NULL),
  ('f4d125a1-4da5-53b6-b583-4626eef1d0a5', 'b24184b5-5a31-5b4f-a240-32d1b502df98', (SELECT id FROM defi_token WHERE chain = 'avalanche' AND address = '0xd24c2ad096400b6fbcd2ad8b24e7acbc21a1da64'), NULL),
  ('f5a210ff-3134-541f-99c0-3bde86be9c3a', 'b24184b5-5a31-5b4f-a240-32d1b502df98', (SELECT id FROM defi_token WHERE chain = 'avalanche' AND address = '0x5c49b268c9841aff1cc3b0a418ff5c3442ee3f3b'), NULL),
  ('8e792430-9442-570a-ad83-0662193b84dd', 'b24184b5-5a31-5b4f-a240-32d1b502df98', (SELECT id FROM defi_token WHERE chain = 'avalanche' AND address = '0x152b9d0fdc40c096757f570a51e494bd4b943e50'), NULL),
  ('8b53e08e-492f-5910-b9a8-57bdf63080dc', 'b24184b5-5a31-5b4f-a240-32d1b502df98', (SELECT id FROM defi_token WHERE chain = 'avalanche' AND address = '0x00000000efe302beaa2b3e6e1b18d08d69a9012a'), NULL),
  ('12467c38-ad89-57b6-a2f5-596f7a726804', 'b24184b5-5a31-5b4f-a240-32d1b502df98', (SELECT id FROM defi_token WHERE chain = 'avalanche' AND address = '0xfc421ad3c883bf9e7c4f42de845c4e4405799e73'), NULL),
  ('104d34b7-4a63-50ea-958b-88edb04454d7', 'b24184b5-5a31-5b4f-a240-32d1b502df98', (SELECT id FROM defi_token WHERE chain = 'avalanche' AND address = '0xc891eb4cbdeff6e073e859e987815ed1505c2acd'), NULL),
  ('21eb7c45-8341-52ec-bf58-eba67beb7a81', 'b24184b5-5a31-5b4f-a240-32d1b502df98', (SELECT id FROM defi_token WHERE chain = 'avalanche' AND address = '0x5d3a1ff2b6bab83b63cd9ad0787074081a52ef34'), NULL),
  ('aef29521-5c7c-5431-89b3-0c5338200825', 'b24184b5-5a31-5b4f-a240-32d1b502df98', (SELECT id FROM defi_token WHERE chain = 'avalanche' AND address = '0x211cc4dd073734da055fbf44a2b4667d5e5fe5d2'), NULL),
  ('ae7971c2-7f8d-514a-8ef5-6e9e44c47000', 'b24184b5-5a31-5b4f-a240-32d1b502df98', (SELECT id FROM defi_token WHERE chain = 'avalanche' AND address = '0x7bfd4ca2a6cf3a3fddd645d10b323031afe47ff0'), NULL),
  ('5cfe242e-68a5-5fb8-8a69-a9d9ec57ac09', '2a5bfc9b-7d9b-5303-a6e2-018e3b626d48', (SELECT id FROM defi_token WHERE chain = 'avalanche' AND address = '0xd586e7f844cea2f87f50152665bcbc2c279d8d70'), NULL),
  ('d0f65a64-ca3e-5634-9dbe-46224e602045', '2a5bfc9b-7d9b-5303-a6e2-018e3b626d48', (SELECT id FROM defi_token WHERE chain = 'avalanche' AND address = '0x5947bb275c521040051d82396192181b413227a3'), NULL),
  ('72ec12ca-fea4-563a-89ba-dba1d938b116', '2a5bfc9b-7d9b-5303-a6e2-018e3b626d48', (SELECT id FROM defi_token WHERE chain = 'avalanche' AND address = '0xb97ef9ef8734c71904d8002f8b6bc66dd9c48a6e'), NULL),
  ('e482875f-6570-53f0-8016-95a14358c147', '2a5bfc9b-7d9b-5303-a6e2-018e3b626d48', (SELECT id FROM defi_token WHERE chain = 'avalanche' AND address = '0x50b7545627a5162f82a992c33b87adc75187b218'), NULL),
  ('cba92425-0825-502a-b6fe-2b4a838d981f', '2a5bfc9b-7d9b-5303-a6e2-018e3b626d48', (SELECT id FROM defi_token WHERE chain = 'avalanche' AND address = '0x49d5c2bdffac6ce2bfdb6640f4f80f226bc10bab'), NULL),
  ('69a8c8ce-6c80-5023-a4c4-a05d30812ccc', '2a5bfc9b-7d9b-5303-a6e2-018e3b626d48', (SELECT id FROM defi_token WHERE chain = 'avalanche' AND address = '0x9702230a8ea53601f5cd2dc00fdbc13d4df4a8c7'), NULL),
  ('e4ec6c3d-392d-5024-ad31-b9be42485217', '2a5bfc9b-7d9b-5303-a6e2-018e3b626d48', (SELECT id FROM defi_token WHERE chain = 'avalanche' AND address = '0x63a72806098bd3d9520cc43356dd78afe5d386d9'), NULL),
  ('ab19939f-df71-572a-8e31-0108bbb5b46e', '2a5bfc9b-7d9b-5303-a6e2-018e3b626d48', (SELECT id FROM defi_token WHERE chain = 'avalanche' AND address = '0xb31f66aa3c1e785363f0875a1b74e27b85fd66c7'), NULL),
  ('8c559c96-4f51-5f74-bb11-a6519c061a29', '2a5bfc9b-7d9b-5303-a6e2-018e3b626d48', (SELECT id FROM defi_token WHERE chain = 'avalanche' AND address = '0x2b2c81e08f1af8835a78bb2a90ae924ace0ea4be'), NULL),
  ('10f21440-336e-5cfd-be01-7e4b4179f65f', '2a5bfc9b-7d9b-5303-a6e2-018e3b626d48', (SELECT id FROM defi_token WHERE chain = 'avalanche' AND address = '0xd24c2ad096400b6fbcd2ad8b24e7acbc21a1da64'), NULL),
  ('6d612c44-b825-5571-8198-b7d0329275a5', '2a5bfc9b-7d9b-5303-a6e2-018e3b626d48', (SELECT id FROM defi_token WHERE chain = 'avalanche' AND address = '0x5c49b268c9841aff1cc3b0a418ff5c3442ee3f3b'), NULL),
  ('bcf358d3-5897-5058-848a-d11e5905201d', '2a5bfc9b-7d9b-5303-a6e2-018e3b626d48', (SELECT id FROM defi_token WHERE chain = 'avalanche' AND address = '0x152b9d0fdc40c096757f570a51e494bd4b943e50'), NULL),
  ('f4152f6f-c5ea-5eef-a53e-c1661e733695', '2a5bfc9b-7d9b-5303-a6e2-018e3b626d48', (SELECT id FROM defi_token WHERE chain = 'avalanche' AND address = '0x00000000efe302beaa2b3e6e1b18d08d69a9012a'), NULL),
  ('e5139204-bc7a-5b8e-8257-6c193bcaba6f', '2a5bfc9b-7d9b-5303-a6e2-018e3b626d48', (SELECT id FROM defi_token WHERE chain = 'avalanche' AND address = '0xfc421ad3c883bf9e7c4f42de845c4e4405799e73'), NULL),
  ('31933280-a52b-5d63-88e0-a69005ab697a', '2a5bfc9b-7d9b-5303-a6e2-018e3b626d48', (SELECT id FROM defi_token WHERE chain = 'avalanche' AND address = '0xc891eb4cbdeff6e073e859e987815ed1505c2acd'), NULL),
  ('51ce9051-2e86-5b62-b16c-787c5a174cb6', '2a5bfc9b-7d9b-5303-a6e2-018e3b626d48', (SELECT id FROM defi_token WHERE chain = 'avalanche' AND address = '0x5d3a1ff2b6bab83b63cd9ad0787074081a52ef34'), NULL),
  ('ad1a6053-0249-5251-ba3a-9ac9e85e0891', '2a5bfc9b-7d9b-5303-a6e2-018e3b626d48', (SELECT id FROM defi_token WHERE chain = 'avalanche' AND address = '0x211cc4dd073734da055fbf44a2b4667d5e5fe5d2'), NULL),
  ('95ebeb08-5872-5023-bfa9-5da6d383e06b', '2a5bfc9b-7d9b-5303-a6e2-018e3b626d48', (SELECT id FROM defi_token WHERE chain = 'avalanche' AND address = '0x7bfd4ca2a6cf3a3fddd645d10b323031afe47ff0'), NULL),
  ('36720c12-7aaa-59fe-bd23-245d8256f1d1', '3d10ebf6-e218-5af9-a817-ecc24ca9786e', (SELECT id FROM defi_token WHERE chain = 'base' AND address = '0x4200000000000000000000000000000000000006'), NULL),
  ('a68ad087-609a-557f-98b1-f4e6fa834573', '3d10ebf6-e218-5af9-a817-ecc24ca9786e', (SELECT id FROM defi_token WHERE chain = 'base' AND address = '0x2ae3f1ec7f1f5012cfeab0185bfc7aa3cf0dec22'), NULL),
  ('cc775872-56db-56a7-901f-c4f7bb6e1175', '3d10ebf6-e218-5af9-a817-ecc24ca9786e', (SELECT id FROM defi_token WHERE chain = 'base' AND address = '0xd9aaec86b65d86f6a7b5b1b0c42ffa531710b6ca'), NULL),
  ('a1e84582-ab5f-56a5-9f3c-4413f904f7b1', '3d10ebf6-e218-5af9-a817-ecc24ca9786e', (SELECT id FROM defi_token WHERE chain = 'base' AND address = '0xc1cba3fcea344f92d9239c08c0568f6f2f0ee452'), NULL),
  ('561c5bf1-eb82-5fbb-b055-4a977f9e3210', '3d10ebf6-e218-5af9-a817-ecc24ca9786e', (SELECT id FROM defi_token WHERE chain = 'base' AND address = '0x833589fcd6edb6e08f4c7c32d4f71b54bda02913'), NULL),
  ('92289cb4-1857-583a-b79e-faf1c6b4c28e', '3d10ebf6-e218-5af9-a817-ecc24ca9786e', (SELECT id FROM defi_token WHERE chain = 'base' AND address = '0x04c0599ae5a44757c0af6f9ec3b93da8976c150a'), NULL),
  ('4650ca0c-b61f-542c-be7d-f7202d816b62', '3d10ebf6-e218-5af9-a817-ecc24ca9786e', (SELECT id FROM defi_token WHERE chain = 'base' AND address = '0xcbb7c0000ab88b473b1f5afd9ef808440eed33bf'), NULL),
  ('f32f52c6-02f8-5a9d-9d95-a6ec70b7d7c9', '3d10ebf6-e218-5af9-a817-ecc24ca9786e', (SELECT id FROM defi_token WHERE chain = 'base' AND address = '0x2416092f143378750bb29b79ed961ab195cceea5'), NULL),
  ('bf0ed1e8-b0bb-5d0f-8855-6dbf81ce5bf9', '3d10ebf6-e218-5af9-a817-ecc24ca9786e', (SELECT id FROM defi_token WHERE chain = 'base' AND address = '0x6bb7a212910682dcfdbd5bcbb3e28fb4e8da10ee'), NULL),
  ('939bd6db-5d73-5652-a321-f45f8ff3b80a', '3d10ebf6-e218-5af9-a817-ecc24ca9786e', (SELECT id FROM defi_token WHERE chain = 'base' AND address = '0xedfa23602d0ec14714057867a78d01e94176bea0'), NULL),
  ('df43841f-6fd5-5e60-954e-60b22e8dbef7', '3d10ebf6-e218-5af9-a817-ecc24ca9786e', (SELECT id FROM defi_token WHERE chain = 'base' AND address = '0xecac9c5f704e954931349da37f60e39f515c11c1'), NULL),
  ('64681f6d-1e12-5267-8325-8e14bf545d7e', '3d10ebf6-e218-5af9-a817-ecc24ca9786e', (SELECT id FROM defi_token WHERE chain = 'base' AND address = '0x60a3e35cc302bfa44cb288bc5a4f316fdb1adb42'), NULL),
  ('b2925081-8e9a-5915-9d7f-74e4e33f80d1', '3d10ebf6-e218-5af9-a817-ecc24ca9786e', (SELECT id FROM defi_token WHERE chain = 'base' AND address = '0x63706e401c06ac8513145b7687a14804d17f814b'), NULL),
  ('3660617e-8d08-5c11-be3b-54c911868ef9', '3d10ebf6-e218-5af9-a817-ecc24ca9786e', (SELECT id FROM defi_token WHERE chain = 'base' AND address = '0x236aa50979d5f3de3bd1eeb40e81137f22ab794b'), NULL),
  ('361dfc02-c3ce-54d5-aa67-886b3e6c8dfa', '3d10ebf6-e218-5af9-a817-ecc24ca9786e', (SELECT id FROM defi_token WHERE chain = 'base' AND address = '0x660975730059246a68521a3e2fbd4740173100f5'), NULL),
  ('280483a9-7691-586e-b31a-3a6e6d8a94eb', '26a65ea7-d1e8-5d90-8b92-5598268b03ff', (SELECT id FROM defi_token WHERE chain = 'base' AND address = '0x4200000000000000000000000000000000000006'), NULL),
  ('2fa97128-eb65-588b-86c3-5fb346320c66', '26a65ea7-d1e8-5d90-8b92-5598268b03ff', (SELECT id FROM defi_token WHERE chain = 'base' AND address = '0x2ae3f1ec7f1f5012cfeab0185bfc7aa3cf0dec22'), NULL),
  ('181ae855-28c7-5363-8840-919c4dac6833', '26a65ea7-d1e8-5d90-8b92-5598268b03ff', (SELECT id FROM defi_token WHERE chain = 'base' AND address = '0xd9aaec86b65d86f6a7b5b1b0c42ffa531710b6ca'), NULL),
  ('608bf97d-8c6b-5b5a-adc3-9890f96c2874', '26a65ea7-d1e8-5d90-8b92-5598268b03ff', (SELECT id FROM defi_token WHERE chain = 'base' AND address = '0xc1cba3fcea344f92d9239c08c0568f6f2f0ee452'), NULL),
  ('9923988b-2bd0-5862-98be-65889fa26d4a', '26a65ea7-d1e8-5d90-8b92-5598268b03ff', (SELECT id FROM defi_token WHERE chain = 'base' AND address = '0x833589fcd6edb6e08f4c7c32d4f71b54bda02913'), NULL),
  ('446fed97-0d55-56ea-a81c-b4e1fd3511ce', '26a65ea7-d1e8-5d90-8b92-5598268b03ff', (SELECT id FROM defi_token WHERE chain = 'base' AND address = '0x04c0599ae5a44757c0af6f9ec3b93da8976c150a'), NULL),
  ('55dc493b-0acf-55d7-b176-118eb27699be', '26a65ea7-d1e8-5d90-8b92-5598268b03ff', (SELECT id FROM defi_token WHERE chain = 'base' AND address = '0xcbb7c0000ab88b473b1f5afd9ef808440eed33bf'), NULL),
  ('bcb19a37-bfe7-5a3a-bfb5-07e0a3abc5ab', '26a65ea7-d1e8-5d90-8b92-5598268b03ff', (SELECT id FROM defi_token WHERE chain = 'base' AND address = '0x2416092f143378750bb29b79ed961ab195cceea5'), NULL),
  ('c5de7981-0164-5f1f-a117-4e647a50fa79', '26a65ea7-d1e8-5d90-8b92-5598268b03ff', (SELECT id FROM defi_token WHERE chain = 'base' AND address = '0x6bb7a212910682dcfdbd5bcbb3e28fb4e8da10ee'), NULL),
  ('330073ed-6961-5be4-9ccd-97ad1f9eba9f', '26a65ea7-d1e8-5d90-8b92-5598268b03ff', (SELECT id FROM defi_token WHERE chain = 'base' AND address = '0xedfa23602d0ec14714057867a78d01e94176bea0'), NULL),
  ('89d5a12b-2861-5468-87ef-d08070a17bb9', '26a65ea7-d1e8-5d90-8b92-5598268b03ff', (SELECT id FROM defi_token WHERE chain = 'base' AND address = '0xecac9c5f704e954931349da37f60e39f515c11c1'), NULL),
  ('7d661a19-9a17-56dd-89b2-88ae6c3247c4', '26a65ea7-d1e8-5d90-8b92-5598268b03ff', (SELECT id FROM defi_token WHERE chain = 'base' AND address = '0x60a3e35cc302bfa44cb288bc5a4f316fdb1adb42'), NULL),
  ('d28e41eb-cc95-544d-ac00-8c9af85c7735', '26a65ea7-d1e8-5d90-8b92-5598268b03ff', (SELECT id FROM defi_token WHERE chain = 'base' AND address = '0x63706e401c06ac8513145b7687a14804d17f814b'), NULL),
  ('dbaa401d-f360-565c-b5c6-0482660ad1eb', '26a65ea7-d1e8-5d90-8b92-5598268b03ff', (SELECT id FROM defi_token WHERE chain = 'base' AND address = '0x236aa50979d5f3de3bd1eeb40e81137f22ab794b'), NULL),
  ('2105b39e-11a1-5b0e-a8e6-6cec28a2d71a', '26a65ea7-d1e8-5d90-8b92-5598268b03ff', (SELECT id FROM defi_token WHERE chain = 'base' AND address = '0x660975730059246a68521a3e2fbd4740173100f5'), NULL),
  ('d4948665-a112-5af7-82d1-662a40cbf9db', '6a3b87b7-41e8-5a54-8676-c7a45d376243', (SELECT id FROM defi_token WHERE chain = 'arbitrum' AND address = '0xda10009cbd5d07dd0cecc66161fc93d7c9000da1'), NULL),
  ('1b9ef1f9-7ed2-566e-aa68-68a8a4e4b136', '6a3b87b7-41e8-5a54-8676-c7a45d376243', (SELECT id FROM defi_token WHERE chain = 'arbitrum' AND address = '0xf97f4df75117a78c1a5a0dbb814af92458539fb4'), NULL),
  ('759f5e31-5ef5-5e8d-93a2-82d40f1768e3', '6a3b87b7-41e8-5a54-8676-c7a45d376243', (SELECT id FROM defi_token WHERE chain = 'arbitrum' AND address = '0xff970a61a04b1ca14834a43f5de4533ebddb5cc8'), NULL),
  ('8e0c1184-7d8e-5c34-84ea-a567c341dcdd', '6a3b87b7-41e8-5a54-8676-c7a45d376243', (SELECT id FROM defi_token WHERE chain = 'arbitrum' AND address = '0x2f2a2543b76a4166549f7aab2e75bef0aefc5b0f'), NULL),
  ('372172c3-d408-5856-a098-7348702e1f13', '6a3b87b7-41e8-5a54-8676-c7a45d376243', (SELECT id FROM defi_token WHERE chain = 'arbitrum' AND address = '0x82af49447d8a07e3bd95bd0d56f35241523fbab1'), NULL),
  ('e1d92a66-3c63-526e-9b2a-36b041b92721', '6a3b87b7-41e8-5a54-8676-c7a45d376243', (SELECT id FROM defi_token WHERE chain = 'arbitrum' AND address = '0xfd086bc7cd5c481dcc9c85ebe478a1c0b69fcbb9'), NULL),
  ('8dc57d80-db31-5452-8d61-104b02f15da0', '6a3b87b7-41e8-5a54-8676-c7a45d376243', (SELECT id FROM defi_token WHERE chain = 'arbitrum' AND address = '0xba5ddd1f9d7f570dc94a51479a000e3bce967196'), NULL),
  ('3e739845-2309-5e3e-84b7-c6784a67db63', '6a3b87b7-41e8-5a54-8676-c7a45d376243', (SELECT id FROM defi_token WHERE chain = 'arbitrum' AND address = '0xd22a58f79e9481d1a88e00c343885a588b34b68b'), NULL),
  ('1c57ae4c-dd08-5f25-9a19-c724e7b95bda', '6a3b87b7-41e8-5a54-8676-c7a45d376243', (SELECT id FROM defi_token WHERE chain = 'arbitrum' AND address = '0x5979d7b546e38e414f7e9822514be443a4800529'), NULL),
  ('c99cdcd4-2592-531b-8721-11538c08b3c9', '6a3b87b7-41e8-5a54-8676-c7a45d376243', (SELECT id FROM defi_token WHERE chain = 'arbitrum' AND address = '0x3f56e0c36d275367b8c502090edf38289b3dea0d'), NULL),
  ('f3a456f5-0395-5d4f-9a60-ac61c07a3731', '6a3b87b7-41e8-5a54-8676-c7a45d376243', (SELECT id FROM defi_token WHERE chain = 'arbitrum' AND address = '0xec70dcb4a1efa46b8f2d97c310c9c4790ba5ffa8'), NULL),
  ('d0080084-7fad-58e8-8995-216c93999eca', '6a3b87b7-41e8-5a54-8676-c7a45d376243', (SELECT id FROM defi_token WHERE chain = 'arbitrum' AND address = '0x93b346b6bc2548da6a1e7d98e9a421b42541425b'), NULL),
  ('25b7b82a-dfd1-5b43-a704-bba789139f96', '6a3b87b7-41e8-5a54-8676-c7a45d376243', (SELECT id FROM defi_token WHERE chain = 'arbitrum' AND address = '0xaf88d065e77c8cc2239327c5edb3a432268e5831'), NULL),
  ('25e40e00-d9a8-53a0-8ff6-216c645f4163', '6a3b87b7-41e8-5a54-8676-c7a45d376243', (SELECT id FROM defi_token WHERE chain = 'arbitrum' AND address = '0x17fc002b466eec40dae837fc4be5c67993ddbd6f'), NULL),
  ('373c443f-e250-5fc1-b901-1a5d1f487b61', '6a3b87b7-41e8-5a54-8676-c7a45d376243', (SELECT id FROM defi_token WHERE chain = 'arbitrum' AND address = '0x912ce59144191c1204e64559fe8253a0e49e6548'), NULL),
  ('03dec2d6-09c0-544d-ba74-947dd5456693', '6a3b87b7-41e8-5a54-8676-c7a45d376243', (SELECT id FROM defi_token WHERE chain = 'arbitrum' AND address = '0x35751007a407ca6feffe80b3cb397736d2cf4dbe'), NULL),
  ('ac647385-f447-5a74-ac53-0c9601354925', '6a3b87b7-41e8-5a54-8676-c7a45d376243', (SELECT id FROM defi_token WHERE chain = 'arbitrum' AND address = '0x7dff72693f6a4149b17e7c6314655f6a9f7c8b33'), NULL),
  ('3aa5283c-8c5e-5816-9697-42c4f37a5f84', '6a3b87b7-41e8-5a54-8676-c7a45d376243', (SELECT id FROM defi_token WHERE chain = 'arbitrum' AND address = '0x2416092f143378750bb29b79ed961ab195cceea5'), NULL),
  ('51443e24-11e0-572d-8034-b7049516b9e1', '6a3b87b7-41e8-5a54-8676-c7a45d376243', (SELECT id FROM defi_token WHERE chain = 'arbitrum' AND address = '0x4186bfc76e2e237523cbc30fd220fe055156b41f'), NULL),
  ('27b093cd-3fbc-5671-9a3d-9b7c7ce04758', '6a3b87b7-41e8-5a54-8676-c7a45d376243', (SELECT id FROM defi_token WHERE chain = 'arbitrum' AND address = '0x6c84a8f1c29108f47a79964b5fe888d4f4d0de40'), NULL),
  ('c79a7a8a-f46a-5773-b671-159dee6ff8fe', '3cd986f9-cda4-5248-aa62-11576f3d2052', (SELECT id FROM defi_token WHERE chain = 'arbitrum' AND address = '0xda10009cbd5d07dd0cecc66161fc93d7c9000da1'), NULL),
  ('d12191a7-f713-5f5b-99b8-61ecdb5d217b', '3cd986f9-cda4-5248-aa62-11576f3d2052', (SELECT id FROM defi_token WHERE chain = 'arbitrum' AND address = '0xf97f4df75117a78c1a5a0dbb814af92458539fb4'), NULL),
  ('11d21744-7510-5679-84d0-cada553369ac', '3cd986f9-cda4-5248-aa62-11576f3d2052', (SELECT id FROM defi_token WHERE chain = 'arbitrum' AND address = '0xff970a61a04b1ca14834a43f5de4533ebddb5cc8'), NULL),
  ('35c6e463-b1d5-54c6-9747-1a174faee980', '3cd986f9-cda4-5248-aa62-11576f3d2052', (SELECT id FROM defi_token WHERE chain = 'arbitrum' AND address = '0x2f2a2543b76a4166549f7aab2e75bef0aefc5b0f'), NULL),
  ('8160211b-3c47-53e2-8e57-025a2364cd42', '3cd986f9-cda4-5248-aa62-11576f3d2052', (SELECT id FROM defi_token WHERE chain = 'arbitrum' AND address = '0x82af49447d8a07e3bd95bd0d56f35241523fbab1'), NULL),
  ('4a7d027e-5e6c-5728-9af9-9e0a7e4ee4df', '3cd986f9-cda4-5248-aa62-11576f3d2052', (SELECT id FROM defi_token WHERE chain = 'arbitrum' AND address = '0xfd086bc7cd5c481dcc9c85ebe478a1c0b69fcbb9'), NULL),
  ('7b66cd92-5778-5165-8231-0e2719d4d759', '3cd986f9-cda4-5248-aa62-11576f3d2052', (SELECT id FROM defi_token WHERE chain = 'arbitrum' AND address = '0xba5ddd1f9d7f570dc94a51479a000e3bce967196'), NULL),
  ('0a0cedbb-1b59-52f8-9ed2-221c1a97b2f7', '3cd986f9-cda4-5248-aa62-11576f3d2052', (SELECT id FROM defi_token WHERE chain = 'arbitrum' AND address = '0xd22a58f79e9481d1a88e00c343885a588b34b68b'), NULL),
  ('58c63b9f-5791-5c83-b603-b49eb763f832', '3cd986f9-cda4-5248-aa62-11576f3d2052', (SELECT id FROM defi_token WHERE chain = 'arbitrum' AND address = '0x5979d7b546e38e414f7e9822514be443a4800529'), NULL),
  ('65e9afef-625c-547c-8fee-6c4a6729d421', '3cd986f9-cda4-5248-aa62-11576f3d2052', (SELECT id FROM defi_token WHERE chain = 'arbitrum' AND address = '0x3f56e0c36d275367b8c502090edf38289b3dea0d'), NULL),
  ('01b57b5d-3d2c-576a-a80f-c03e549d89f0', '3cd986f9-cda4-5248-aa62-11576f3d2052', (SELECT id FROM defi_token WHERE chain = 'arbitrum' AND address = '0xec70dcb4a1efa46b8f2d97c310c9c4790ba5ffa8'), NULL),
  ('7c8ebeaa-f6e0-53cf-b242-909a1b3af803', '3cd986f9-cda4-5248-aa62-11576f3d2052', (SELECT id FROM defi_token WHERE chain = 'arbitrum' AND address = '0x93b346b6bc2548da6a1e7d98e9a421b42541425b'), NULL),
  ('e27c6fa4-de02-5fd3-b45c-64caa3ad676c', '3cd986f9-cda4-5248-aa62-11576f3d2052', (SELECT id FROM defi_token WHERE chain = 'arbitrum' AND address = '0xaf88d065e77c8cc2239327c5edb3a432268e5831'), NULL),
  ('92638f05-63ed-5380-b348-51074588de4f', '3cd986f9-cda4-5248-aa62-11576f3d2052', (SELECT id FROM defi_token WHERE chain = 'arbitrum' AND address = '0x17fc002b466eec40dae837fc4be5c67993ddbd6f'), NULL),
  ('2935331c-57ff-5fe4-8387-363fd8915b5c', '3cd986f9-cda4-5248-aa62-11576f3d2052', (SELECT id FROM defi_token WHERE chain = 'arbitrum' AND address = '0x912ce59144191c1204e64559fe8253a0e49e6548'), NULL),
  ('13dfb14d-4d33-503f-9954-244e073f18be', '3cd986f9-cda4-5248-aa62-11576f3d2052', (SELECT id FROM defi_token WHERE chain = 'arbitrum' AND address = '0x35751007a407ca6feffe80b3cb397736d2cf4dbe'), NULL),
  ('a6e7b2e7-8b7f-5a12-addf-dc5a0df061d5', '3cd986f9-cda4-5248-aa62-11576f3d2052', (SELECT id FROM defi_token WHERE chain = 'arbitrum' AND address = '0x7dff72693f6a4149b17e7c6314655f6a9f7c8b33'), NULL),
  ('a7ce45bc-d5a0-54df-929a-9f115c3e5dc6', '3cd986f9-cda4-5248-aa62-11576f3d2052', (SELECT id FROM defi_token WHERE chain = 'arbitrum' AND address = '0x2416092f143378750bb29b79ed961ab195cceea5'), NULL),
  ('ced8f75d-7359-5a94-8dd2-30a168338614', '3cd986f9-cda4-5248-aa62-11576f3d2052', (SELECT id FROM defi_token WHERE chain = 'arbitrum' AND address = '0x4186bfc76e2e237523cbc30fd220fe055156b41f'), NULL),
  ('f07df3fe-c257-5910-8e48-7b040b18a447', '3cd986f9-cda4-5248-aa62-11576f3d2052', (SELECT id FROM defi_token WHERE chain = 'arbitrum' AND address = '0x6c84a8f1c29108f47a79964b5fe888d4f4d0de40'), NULL),
  ('a2afde8e-8cb6-5b14-af19-f423968876ed', 'abb3dfb7-d63b-5e8d-ac9f-03a73babcb45', (SELECT id FROM defi_token WHERE chain = 'avalanche' AND address = '0xd586e7f844cea2f87f50152665bcbc2c279d8d70'), (SELECT id FROM defi_token WHERE chain = 'avalanche' AND address = '0xb31f66aa3c1e785363f0875a1b74e27b85fd66c7')),
  ('466a315c-2b41-5d01-b132-5033a35f30ba', 'abb3dfb7-d63b-5e8d-ac9f-03a73babcb45', (SELECT id FROM defi_token WHERE chain = 'avalanche' AND address = '0xb31f66aa3c1e785363f0875a1b74e27b85fd66c7'), (SELECT id FROM defi_token WHERE chain = 'avalanche' AND address = '0xd586e7f844cea2f87f50152665bcbc2c279d8d70')),
  ('64e0c0ea-e7bb-5df1-b57c-ab1be048f672', 'abb3dfb7-d63b-5e8d-ac9f-03a73babcb45', (SELECT id FROM defi_token WHERE chain = 'avalanche' AND address = '0x5947bb275c521040051d82396192181b413227a3'), (SELECT id FROM defi_token WHERE chain = 'avalanche' AND address = '0xb31f66aa3c1e785363f0875a1b74e27b85fd66c7')),
  ('88ced262-afba-5008-a5cd-fd7c9ea8ad52', 'abb3dfb7-d63b-5e8d-ac9f-03a73babcb45', (SELECT id FROM defi_token WHERE chain = 'avalanche' AND address = '0xb31f66aa3c1e785363f0875a1b74e27b85fd66c7'), (SELECT id FROM defi_token WHERE chain = 'avalanche' AND address = '0x5947bb275c521040051d82396192181b413227a3')),
  ('ecd726bc-8de2-5ab3-90c0-d24cf5194c8a', 'abb3dfb7-d63b-5e8d-ac9f-03a73babcb45', (SELECT id FROM defi_token WHERE chain = 'avalanche' AND address = '0xb97ef9ef8734c71904d8002f8b6bc66dd9c48a6e'), (SELECT id FROM defi_token WHERE chain = 'avalanche' AND address = '0xb31f66aa3c1e785363f0875a1b74e27b85fd66c7')),
  ('62bbe878-e0d4-5392-88d9-5c0c7a5487aa', 'abb3dfb7-d63b-5e8d-ac9f-03a73babcb45', (SELECT id FROM defi_token WHERE chain = 'avalanche' AND address = '0xb31f66aa3c1e785363f0875a1b74e27b85fd66c7'), (SELECT id FROM defi_token WHERE chain = 'avalanche' AND address = '0xb97ef9ef8734c71904d8002f8b6bc66dd9c48a6e')),
  ('6553726c-b142-55d4-bee8-9ca51a7f3c65', 'abb3dfb7-d63b-5e8d-ac9f-03a73babcb45', (SELECT id FROM defi_token WHERE chain = 'avalanche' AND address = '0x50b7545627a5162f82a992c33b87adc75187b218'), (SELECT id FROM defi_token WHERE chain = 'avalanche' AND address = '0xb31f66aa3c1e785363f0875a1b74e27b85fd66c7')),
  ('ad27892a-0c5c-5d80-bcf6-fa1461a4fe88', 'abb3dfb7-d63b-5e8d-ac9f-03a73babcb45', (SELECT id FROM defi_token WHERE chain = 'avalanche' AND address = '0xb31f66aa3c1e785363f0875a1b74e27b85fd66c7'), (SELECT id FROM defi_token WHERE chain = 'avalanche' AND address = '0x50b7545627a5162f82a992c33b87adc75187b218')),
  ('d57338b4-2a60-5d82-81bb-46cc75915126', 'abb3dfb7-d63b-5e8d-ac9f-03a73babcb45', (SELECT id FROM defi_token WHERE chain = 'avalanche' AND address = '0x49d5c2bdffac6ce2bfdb6640f4f80f226bc10bab'), (SELECT id FROM defi_token WHERE chain = 'avalanche' AND address = '0xb31f66aa3c1e785363f0875a1b74e27b85fd66c7')),
  ('227e4c96-115b-5e4c-b4b5-d67651f9f2e0', 'abb3dfb7-d63b-5e8d-ac9f-03a73babcb45', (SELECT id FROM defi_token WHERE chain = 'avalanche' AND address = '0xb31f66aa3c1e785363f0875a1b74e27b85fd66c7'), (SELECT id FROM defi_token WHERE chain = 'avalanche' AND address = '0x49d5c2bdffac6ce2bfdb6640f4f80f226bc10bab')),
  ('581a2ce4-2ad5-5af8-a106-586f005ce10b', 'abb3dfb7-d63b-5e8d-ac9f-03a73babcb45', (SELECT id FROM defi_token WHERE chain = 'avalanche' AND address = '0x9702230a8ea53601f5cd2dc00fdbc13d4df4a8c7'), (SELECT id FROM defi_token WHERE chain = 'avalanche' AND address = '0xb31f66aa3c1e785363f0875a1b74e27b85fd66c7')),
  ('695f482f-6f15-51a1-9ebd-55cd8b7e37b9', 'abb3dfb7-d63b-5e8d-ac9f-03a73babcb45', (SELECT id FROM defi_token WHERE chain = 'avalanche' AND address = '0xb31f66aa3c1e785363f0875a1b74e27b85fd66c7'), (SELECT id FROM defi_token WHERE chain = 'avalanche' AND address = '0x9702230a8ea53601f5cd2dc00fdbc13d4df4a8c7')),
  ('5d3488ca-744a-595c-8b1f-09637c775170', 'abb3dfb7-d63b-5e8d-ac9f-03a73babcb45', (SELECT id FROM defi_token WHERE chain = 'avalanche' AND address = '0x63a72806098bd3d9520cc43356dd78afe5d386d9'), (SELECT id FROM defi_token WHERE chain = 'avalanche' AND address = '0xb31f66aa3c1e785363f0875a1b74e27b85fd66c7')),
  ('7c8361a8-91ff-504e-b8b1-9ff52c2a1aa0', 'abb3dfb7-d63b-5e8d-ac9f-03a73babcb45', (SELECT id FROM defi_token WHERE chain = 'avalanche' AND address = '0xb31f66aa3c1e785363f0875a1b74e27b85fd66c7'), (SELECT id FROM defi_token WHERE chain = 'avalanche' AND address = '0x63a72806098bd3d9520cc43356dd78afe5d386d9')),
  ('6d4500f1-30dc-5475-8859-bb94a99da680', 'abb3dfb7-d63b-5e8d-ac9f-03a73babcb45', (SELECT id FROM defi_token WHERE chain = 'avalanche' AND address = '0x2b2c81e08f1af8835a78bb2a90ae924ace0ea4be'), (SELECT id FROM defi_token WHERE chain = 'avalanche' AND address = '0xb31f66aa3c1e785363f0875a1b74e27b85fd66c7')),
  ('77d31628-6176-5bf9-bd94-b5c67154c2f0', 'abb3dfb7-d63b-5e8d-ac9f-03a73babcb45', (SELECT id FROM defi_token WHERE chain = 'avalanche' AND address = '0xb31f66aa3c1e785363f0875a1b74e27b85fd66c7'), (SELECT id FROM defi_token WHERE chain = 'avalanche' AND address = '0x2b2c81e08f1af8835a78bb2a90ae924ace0ea4be')),
  ('9aee6c06-c6be-5773-adbb-b5294a48442d', 'abb3dfb7-d63b-5e8d-ac9f-03a73babcb45', (SELECT id FROM defi_token WHERE chain = 'avalanche' AND address = '0xd24c2ad096400b6fbcd2ad8b24e7acbc21a1da64'), (SELECT id FROM defi_token WHERE chain = 'avalanche' AND address = '0xb31f66aa3c1e785363f0875a1b74e27b85fd66c7')),
  ('4cf41446-cf28-5ed3-9e20-532ab31a3422', 'abb3dfb7-d63b-5e8d-ac9f-03a73babcb45', (SELECT id FROM defi_token WHERE chain = 'avalanche' AND address = '0xb31f66aa3c1e785363f0875a1b74e27b85fd66c7'), (SELECT id FROM defi_token WHERE chain = 'avalanche' AND address = '0xd24c2ad096400b6fbcd2ad8b24e7acbc21a1da64')),
  ('475a609c-22c9-5965-9689-1f722c4ad47c', 'abb3dfb7-d63b-5e8d-ac9f-03a73babcb45', (SELECT id FROM defi_token WHERE chain = 'avalanche' AND address = '0x5c49b268c9841aff1cc3b0a418ff5c3442ee3f3b'), (SELECT id FROM defi_token WHERE chain = 'avalanche' AND address = '0xb31f66aa3c1e785363f0875a1b74e27b85fd66c7')),
  ('e5939d5a-a6a1-502b-b7f1-076f84165ff3', 'abb3dfb7-d63b-5e8d-ac9f-03a73babcb45', (SELECT id FROM defi_token WHERE chain = 'avalanche' AND address = '0xb31f66aa3c1e785363f0875a1b74e27b85fd66c7'), (SELECT id FROM defi_token WHERE chain = 'avalanche' AND address = '0x5c49b268c9841aff1cc3b0a418ff5c3442ee3f3b')),
  ('ccc585ce-a059-51bc-ba0f-9f916e0b1bba', 'abb3dfb7-d63b-5e8d-ac9f-03a73babcb45', (SELECT id FROM defi_token WHERE chain = 'avalanche' AND address = '0x152b9d0fdc40c096757f570a51e494bd4b943e50'), (SELECT id FROM defi_token WHERE chain = 'avalanche' AND address = '0xb31f66aa3c1e785363f0875a1b74e27b85fd66c7')),
  ('e6c696e8-6727-556b-a308-bf79dcbbe9b5', 'abb3dfb7-d63b-5e8d-ac9f-03a73babcb45', (SELECT id FROM defi_token WHERE chain = 'avalanche' AND address = '0xb31f66aa3c1e785363f0875a1b74e27b85fd66c7'), (SELECT id FROM defi_token WHERE chain = 'avalanche' AND address = '0x152b9d0fdc40c096757f570a51e494bd4b943e50')),
  ('2daf67ab-694a-514f-a783-ef2a47c6c10a', 'abb3dfb7-d63b-5e8d-ac9f-03a73babcb45', (SELECT id FROM defi_token WHERE chain = 'avalanche' AND address = '0x00000000efe302beaa2b3e6e1b18d08d69a9012a'), (SELECT id FROM defi_token WHERE chain = 'avalanche' AND address = '0xb31f66aa3c1e785363f0875a1b74e27b85fd66c7')),
  ('a4d6c842-8e92-59fd-ad54-787ec905e1bd', 'abb3dfb7-d63b-5e8d-ac9f-03a73babcb45', (SELECT id FROM defi_token WHERE chain = 'avalanche' AND address = '0xb31f66aa3c1e785363f0875a1b74e27b85fd66c7'), (SELECT id FROM defi_token WHERE chain = 'avalanche' AND address = '0x00000000efe302beaa2b3e6e1b18d08d69a9012a')),
  ('4484c0bf-db86-5a92-bc55-cdfa16584f44', 'abb3dfb7-d63b-5e8d-ac9f-03a73babcb45', (SELECT id FROM defi_token WHERE chain = 'avalanche' AND address = '0xfc421ad3c883bf9e7c4f42de845c4e4405799e73'), (SELECT id FROM defi_token WHERE chain = 'avalanche' AND address = '0xb31f66aa3c1e785363f0875a1b74e27b85fd66c7')),
  ('9d1c294d-d2cb-5b2f-bcdd-e70eb76b811e', 'abb3dfb7-d63b-5e8d-ac9f-03a73babcb45', (SELECT id FROM defi_token WHERE chain = 'avalanche' AND address = '0xb31f66aa3c1e785363f0875a1b74e27b85fd66c7'), (SELECT id FROM defi_token WHERE chain = 'avalanche' AND address = '0xfc421ad3c883bf9e7c4f42de845c4e4405799e73')),
  ('ee0b4848-beef-557d-aa36-f8df1d4c9f7a', 'abb3dfb7-d63b-5e8d-ac9f-03a73babcb45', (SELECT id FROM defi_token WHERE chain = 'avalanche' AND address = '0xc891eb4cbdeff6e073e859e987815ed1505c2acd'), (SELECT id FROM defi_token WHERE chain = 'avalanche' AND address = '0xb31f66aa3c1e785363f0875a1b74e27b85fd66c7')),
  ('d28b1070-52db-530d-b08c-8b516ed2d074', 'abb3dfb7-d63b-5e8d-ac9f-03a73babcb45', (SELECT id FROM defi_token WHERE chain = 'avalanche' AND address = '0xb31f66aa3c1e785363f0875a1b74e27b85fd66c7'), (SELECT id FROM defi_token WHERE chain = 'avalanche' AND address = '0xc891eb4cbdeff6e073e859e987815ed1505c2acd')),
  ('ebbd540d-4ec7-5b6c-bad1-f299305420e9', 'abb3dfb7-d63b-5e8d-ac9f-03a73babcb45', (SELECT id FROM defi_token WHERE chain = 'avalanche' AND address = '0x5d3a1ff2b6bab83b63cd9ad0787074081a52ef34'), (SELECT id FROM defi_token WHERE chain = 'avalanche' AND address = '0xb31f66aa3c1e785363f0875a1b74e27b85fd66c7')),
  ('a8bb08c6-fa8b-5f74-b757-c4f3fefe90a2', 'abb3dfb7-d63b-5e8d-ac9f-03a73babcb45', (SELECT id FROM defi_token WHERE chain = 'avalanche' AND address = '0xb31f66aa3c1e785363f0875a1b74e27b85fd66c7'), (SELECT id FROM defi_token WHERE chain = 'avalanche' AND address = '0x5d3a1ff2b6bab83b63cd9ad0787074081a52ef34')),
  ('071a924e-3a57-5e9e-b2bf-031892d7a983', 'abb3dfb7-d63b-5e8d-ac9f-03a73babcb45', (SELECT id FROM defi_token WHERE chain = 'avalanche' AND address = '0x211cc4dd073734da055fbf44a2b4667d5e5fe5d2'), (SELECT id FROM defi_token WHERE chain = 'avalanche' AND address = '0xb31f66aa3c1e785363f0875a1b74e27b85fd66c7')),
  ('6334d15b-7195-54c0-b8df-7373dedcb953', 'abb3dfb7-d63b-5e8d-ac9f-03a73babcb45', (SELECT id FROM defi_token WHERE chain = 'avalanche' AND address = '0xb31f66aa3c1e785363f0875a1b74e27b85fd66c7'), (SELECT id FROM defi_token WHERE chain = 'avalanche' AND address = '0x211cc4dd073734da055fbf44a2b4667d5e5fe5d2')),
  ('6baa6d0a-4287-5259-8b0e-e5af096641eb', 'abb3dfb7-d63b-5e8d-ac9f-03a73babcb45', (SELECT id FROM defi_token WHERE chain = 'avalanche' AND address = '0x7bfd4ca2a6cf3a3fddd645d10b323031afe47ff0'), (SELECT id FROM defi_token WHERE chain = 'avalanche' AND address = '0xb31f66aa3c1e785363f0875a1b74e27b85fd66c7')),
  ('fab20804-76ee-52fe-8c86-382423c482cc', 'abb3dfb7-d63b-5e8d-ac9f-03a73babcb45', (SELECT id FROM defi_token WHERE chain = 'avalanche' AND address = '0xb31f66aa3c1e785363f0875a1b74e27b85fd66c7'), (SELECT id FROM defi_token WHERE chain = 'avalanche' AND address = '0x7bfd4ca2a6cf3a3fddd645d10b323031afe47ff0')),
  ('544e022d-96e5-5af0-b106-973dcd81b921', 'abb3dfb7-d63b-5e8d-ac9f-03a73babcb45', (SELECT id FROM defi_token WHERE chain = 'avalanche' AND address = '0xd586e7f844cea2f87f50152665bcbc2c279d8d70'), (SELECT id FROM defi_token WHERE chain = 'avalanche' AND address = '0x49d5c2bdffac6ce2bfdb6640f4f80f226bc10bab')),
  ('4155f82a-54ca-5ee9-9d17-7a8f01418393', 'abb3dfb7-d63b-5e8d-ac9f-03a73babcb45', (SELECT id FROM defi_token WHERE chain = 'avalanche' AND address = '0x49d5c2bdffac6ce2bfdb6640f4f80f226bc10bab'), (SELECT id FROM defi_token WHERE chain = 'avalanche' AND address = '0xd586e7f844cea2f87f50152665bcbc2c279d8d70')),
  ('37673524-143a-5ad7-9f76-904fafab7e55', 'abb3dfb7-d63b-5e8d-ac9f-03a73babcb45', (SELECT id FROM defi_token WHERE chain = 'avalanche' AND address = '0x5947bb275c521040051d82396192181b413227a3'), (SELECT id FROM defi_token WHERE chain = 'avalanche' AND address = '0x49d5c2bdffac6ce2bfdb6640f4f80f226bc10bab')),
  ('7229696d-c718-521d-9526-2405fe346e79', 'abb3dfb7-d63b-5e8d-ac9f-03a73babcb45', (SELECT id FROM defi_token WHERE chain = 'avalanche' AND address = '0x49d5c2bdffac6ce2bfdb6640f4f80f226bc10bab'), (SELECT id FROM defi_token WHERE chain = 'avalanche' AND address = '0x5947bb275c521040051d82396192181b413227a3')),
  ('629b5956-4a88-556d-a134-b6afba9058c3', 'abb3dfb7-d63b-5e8d-ac9f-03a73babcb45', (SELECT id FROM defi_token WHERE chain = 'avalanche' AND address = '0xb97ef9ef8734c71904d8002f8b6bc66dd9c48a6e'), (SELECT id FROM defi_token WHERE chain = 'avalanche' AND address = '0x49d5c2bdffac6ce2bfdb6640f4f80f226bc10bab')),
  ('1cf9b018-3778-5329-9418-41df5ff3976d', 'abb3dfb7-d63b-5e8d-ac9f-03a73babcb45', (SELECT id FROM defi_token WHERE chain = 'avalanche' AND address = '0x49d5c2bdffac6ce2bfdb6640f4f80f226bc10bab'), (SELECT id FROM defi_token WHERE chain = 'avalanche' AND address = '0xb97ef9ef8734c71904d8002f8b6bc66dd9c48a6e')),
  ('8e766796-a908-52bb-bc46-378f15dd7741', 'abb3dfb7-d63b-5e8d-ac9f-03a73babcb45', (SELECT id FROM defi_token WHERE chain = 'avalanche' AND address = '0x50b7545627a5162f82a992c33b87adc75187b218'), (SELECT id FROM defi_token WHERE chain = 'avalanche' AND address = '0x49d5c2bdffac6ce2bfdb6640f4f80f226bc10bab')),
  ('b101ab7e-66f7-5673-a9b8-16e58fc26c5f', 'abb3dfb7-d63b-5e8d-ac9f-03a73babcb45', (SELECT id FROM defi_token WHERE chain = 'avalanche' AND address = '0x49d5c2bdffac6ce2bfdb6640f4f80f226bc10bab'), (SELECT id FROM defi_token WHERE chain = 'avalanche' AND address = '0x50b7545627a5162f82a992c33b87adc75187b218')),
  ('fcf73436-384b-5390-a390-9e62fe5dd8b2', 'abb3dfb7-d63b-5e8d-ac9f-03a73babcb45', (SELECT id FROM defi_token WHERE chain = 'avalanche' AND address = '0x9702230a8ea53601f5cd2dc00fdbc13d4df4a8c7'), (SELECT id FROM defi_token WHERE chain = 'avalanche' AND address = '0x49d5c2bdffac6ce2bfdb6640f4f80f226bc10bab')),
  ('31863e11-195b-5725-9aec-f45d0a236e2a', 'abb3dfb7-d63b-5e8d-ac9f-03a73babcb45', (SELECT id FROM defi_token WHERE chain = 'avalanche' AND address = '0x49d5c2bdffac6ce2bfdb6640f4f80f226bc10bab'), (SELECT id FROM defi_token WHERE chain = 'avalanche' AND address = '0x9702230a8ea53601f5cd2dc00fdbc13d4df4a8c7')),
  ('7462b5f8-b7ac-55d3-b30b-c1abc1f2d317', 'abb3dfb7-d63b-5e8d-ac9f-03a73babcb45', (SELECT id FROM defi_token WHERE chain = 'avalanche' AND address = '0x63a72806098bd3d9520cc43356dd78afe5d386d9'), (SELECT id FROM defi_token WHERE chain = 'avalanche' AND address = '0x49d5c2bdffac6ce2bfdb6640f4f80f226bc10bab')),
  ('cd69651a-1d70-50a6-9163-ddb0c4361070', 'abb3dfb7-d63b-5e8d-ac9f-03a73babcb45', (SELECT id FROM defi_token WHERE chain = 'avalanche' AND address = '0x49d5c2bdffac6ce2bfdb6640f4f80f226bc10bab'), (SELECT id FROM defi_token WHERE chain = 'avalanche' AND address = '0x63a72806098bd3d9520cc43356dd78afe5d386d9')),
  ('41dee9a1-9020-5280-a839-3a3c385e2bd0', 'abb3dfb7-d63b-5e8d-ac9f-03a73babcb45', (SELECT id FROM defi_token WHERE chain = 'avalanche' AND address = '0x2b2c81e08f1af8835a78bb2a90ae924ace0ea4be'), (SELECT id FROM defi_token WHERE chain = 'avalanche' AND address = '0x49d5c2bdffac6ce2bfdb6640f4f80f226bc10bab')),
  ('f39c2188-93e4-568c-88d9-10e6bcbdcf54', 'abb3dfb7-d63b-5e8d-ac9f-03a73babcb45', (SELECT id FROM defi_token WHERE chain = 'avalanche' AND address = '0x49d5c2bdffac6ce2bfdb6640f4f80f226bc10bab'), (SELECT id FROM defi_token WHERE chain = 'avalanche' AND address = '0x2b2c81e08f1af8835a78bb2a90ae924ace0ea4be')),
  ('a6b02562-792f-5f2f-a988-6594c5c4cf7d', 'abb3dfb7-d63b-5e8d-ac9f-03a73babcb45', (SELECT id FROM defi_token WHERE chain = 'avalanche' AND address = '0xd24c2ad096400b6fbcd2ad8b24e7acbc21a1da64'), (SELECT id FROM defi_token WHERE chain = 'avalanche' AND address = '0x49d5c2bdffac6ce2bfdb6640f4f80f226bc10bab')),
  ('69bec1cc-44d3-5db7-9e4b-eb109799b411', 'abb3dfb7-d63b-5e8d-ac9f-03a73babcb45', (SELECT id FROM defi_token WHERE chain = 'avalanche' AND address = '0x49d5c2bdffac6ce2bfdb6640f4f80f226bc10bab'), (SELECT id FROM defi_token WHERE chain = 'avalanche' AND address = '0xd24c2ad096400b6fbcd2ad8b24e7acbc21a1da64')),
  ('309b77d9-a908-5f72-9807-e23851513698', 'abb3dfb7-d63b-5e8d-ac9f-03a73babcb45', (SELECT id FROM defi_token WHERE chain = 'avalanche' AND address = '0x5c49b268c9841aff1cc3b0a418ff5c3442ee3f3b'), (SELECT id FROM defi_token WHERE chain = 'avalanche' AND address = '0x49d5c2bdffac6ce2bfdb6640f4f80f226bc10bab')),
  ('a30ec5ae-4e00-50ed-945a-4f5bc4171fca', 'abb3dfb7-d63b-5e8d-ac9f-03a73babcb45', (SELECT id FROM defi_token WHERE chain = 'avalanche' AND address = '0x49d5c2bdffac6ce2bfdb6640f4f80f226bc10bab'), (SELECT id FROM defi_token WHERE chain = 'avalanche' AND address = '0x5c49b268c9841aff1cc3b0a418ff5c3442ee3f3b')),
  ('97980aab-e484-5c56-bce3-74c509107af0', 'abb3dfb7-d63b-5e8d-ac9f-03a73babcb45', (SELECT id FROM defi_token WHERE chain = 'avalanche' AND address = '0x152b9d0fdc40c096757f570a51e494bd4b943e50'), (SELECT id FROM defi_token WHERE chain = 'avalanche' AND address = '0x49d5c2bdffac6ce2bfdb6640f4f80f226bc10bab')),
  ('247cf3e5-57c5-552b-9d12-f193f2dd9720', 'abb3dfb7-d63b-5e8d-ac9f-03a73babcb45', (SELECT id FROM defi_token WHERE chain = 'avalanche' AND address = '0x49d5c2bdffac6ce2bfdb6640f4f80f226bc10bab'), (SELECT id FROM defi_token WHERE chain = 'avalanche' AND address = '0x152b9d0fdc40c096757f570a51e494bd4b943e50')),
  ('b7125e0c-ce0b-593d-84c6-65b923e5bee7', 'abb3dfb7-d63b-5e8d-ac9f-03a73babcb45', (SELECT id FROM defi_token WHERE chain = 'avalanche' AND address = '0x00000000efe302beaa2b3e6e1b18d08d69a9012a'), (SELECT id FROM defi_token WHERE chain = 'avalanche' AND address = '0x49d5c2bdffac6ce2bfdb6640f4f80f226bc10bab')),
  ('f439001b-bfe6-506c-bd1d-6e9b8ad6fb46', 'abb3dfb7-d63b-5e8d-ac9f-03a73babcb45', (SELECT id FROM defi_token WHERE chain = 'avalanche' AND address = '0x49d5c2bdffac6ce2bfdb6640f4f80f226bc10bab'), (SELECT id FROM defi_token WHERE chain = 'avalanche' AND address = '0x00000000efe302beaa2b3e6e1b18d08d69a9012a')),
  ('3111b91b-e4f0-51e9-a97c-706a848b0c97', 'abb3dfb7-d63b-5e8d-ac9f-03a73babcb45', (SELECT id FROM defi_token WHERE chain = 'avalanche' AND address = '0xfc421ad3c883bf9e7c4f42de845c4e4405799e73'), (SELECT id FROM defi_token WHERE chain = 'avalanche' AND address = '0x49d5c2bdffac6ce2bfdb6640f4f80f226bc10bab')),
  ('592a62ee-9f6c-594f-9e5f-40dd0f9d792f', 'abb3dfb7-d63b-5e8d-ac9f-03a73babcb45', (SELECT id FROM defi_token WHERE chain = 'avalanche' AND address = '0x49d5c2bdffac6ce2bfdb6640f4f80f226bc10bab'), (SELECT id FROM defi_token WHERE chain = 'avalanche' AND address = '0xfc421ad3c883bf9e7c4f42de845c4e4405799e73')),
  ('26a01d21-4ee1-52c1-8647-d5655144e54f', 'abb3dfb7-d63b-5e8d-ac9f-03a73babcb45', (SELECT id FROM defi_token WHERE chain = 'avalanche' AND address = '0xc891eb4cbdeff6e073e859e987815ed1505c2acd'), (SELECT id FROM defi_token WHERE chain = 'avalanche' AND address = '0x49d5c2bdffac6ce2bfdb6640f4f80f226bc10bab')),
  ('41dd16c7-db48-5b5f-98fe-5dcd5b5e8b9e', 'abb3dfb7-d63b-5e8d-ac9f-03a73babcb45', (SELECT id FROM defi_token WHERE chain = 'avalanche' AND address = '0x49d5c2bdffac6ce2bfdb6640f4f80f226bc10bab'), (SELECT id FROM defi_token WHERE chain = 'avalanche' AND address = '0xc891eb4cbdeff6e073e859e987815ed1505c2acd')),
  ('659a53bd-5fb4-51e1-a401-02199c9db7f3', 'abb3dfb7-d63b-5e8d-ac9f-03a73babcb45', (SELECT id FROM defi_token WHERE chain = 'avalanche' AND address = '0x5d3a1ff2b6bab83b63cd9ad0787074081a52ef34'), (SELECT id FROM defi_token WHERE chain = 'avalanche' AND address = '0x49d5c2bdffac6ce2bfdb6640f4f80f226bc10bab')),
  ('6b61ab0f-8bfd-5a12-9b4a-6b03c68b3735', 'abb3dfb7-d63b-5e8d-ac9f-03a73babcb45', (SELECT id FROM defi_token WHERE chain = 'avalanche' AND address = '0x49d5c2bdffac6ce2bfdb6640f4f80f226bc10bab'), (SELECT id FROM defi_token WHERE chain = 'avalanche' AND address = '0x5d3a1ff2b6bab83b63cd9ad0787074081a52ef34')),
  ('758d5ccb-fa9b-5a2f-a41f-07a4ae6cec63', 'abb3dfb7-d63b-5e8d-ac9f-03a73babcb45', (SELECT id FROM defi_token WHERE chain = 'avalanche' AND address = '0x211cc4dd073734da055fbf44a2b4667d5e5fe5d2'), (SELECT id FROM defi_token WHERE chain = 'avalanche' AND address = '0x49d5c2bdffac6ce2bfdb6640f4f80f226bc10bab')),
  ('04e0da7e-6ada-5cc8-a4c9-cb10f05688c4', 'abb3dfb7-d63b-5e8d-ac9f-03a73babcb45', (SELECT id FROM defi_token WHERE chain = 'avalanche' AND address = '0x49d5c2bdffac6ce2bfdb6640f4f80f226bc10bab'), (SELECT id FROM defi_token WHERE chain = 'avalanche' AND address = '0x211cc4dd073734da055fbf44a2b4667d5e5fe5d2')),
  ('93c7016a-54fc-5892-a57d-0a92c3764738', 'abb3dfb7-d63b-5e8d-ac9f-03a73babcb45', (SELECT id FROM defi_token WHERE chain = 'avalanche' AND address = '0x7bfd4ca2a6cf3a3fddd645d10b323031afe47ff0'), (SELECT id FROM defi_token WHERE chain = 'avalanche' AND address = '0x49d5c2bdffac6ce2bfdb6640f4f80f226bc10bab')),
  ('ebcb6c29-c70a-5cc7-9641-ca13dc9bfc72', 'abb3dfb7-d63b-5e8d-ac9f-03a73babcb45', (SELECT id FROM defi_token WHERE chain = 'avalanche' AND address = '0x49d5c2bdffac6ce2bfdb6640f4f80f226bc10bab'), (SELECT id FROM defi_token WHERE chain = 'avalanche' AND address = '0x7bfd4ca2a6cf3a3fddd645d10b323031afe47ff0')),
  ('92d3b74c-c264-5731-8a05-08db3267fbf7', 'abb3dfb7-d63b-5e8d-ac9f-03a73babcb45', (SELECT id FROM defi_token WHERE chain = 'avalanche' AND address = '0xd586e7f844cea2f87f50152665bcbc2c279d8d70'), (SELECT id FROM defi_token WHERE chain = 'avalanche' AND address = '0xb97ef9ef8734c71904d8002f8b6bc66dd9c48a6e')),
  ('44575d3c-2ec2-5706-8ec4-ab0d38924c85', 'abb3dfb7-d63b-5e8d-ac9f-03a73babcb45', (SELECT id FROM defi_token WHERE chain = 'avalanche' AND address = '0xb97ef9ef8734c71904d8002f8b6bc66dd9c48a6e'), (SELECT id FROM defi_token WHERE chain = 'avalanche' AND address = '0xd586e7f844cea2f87f50152665bcbc2c279d8d70')),
  ('7f451a8b-3226-5ef4-9744-7fd46ffd3911', 'abb3dfb7-d63b-5e8d-ac9f-03a73babcb45', (SELECT id FROM defi_token WHERE chain = 'avalanche' AND address = '0x5947bb275c521040051d82396192181b413227a3'), (SELECT id FROM defi_token WHERE chain = 'avalanche' AND address = '0xb97ef9ef8734c71904d8002f8b6bc66dd9c48a6e')),
  ('6f032098-a4d9-5385-962d-2b97b71c28df', 'abb3dfb7-d63b-5e8d-ac9f-03a73babcb45', (SELECT id FROM defi_token WHERE chain = 'avalanche' AND address = '0xb97ef9ef8734c71904d8002f8b6bc66dd9c48a6e'), (SELECT id FROM defi_token WHERE chain = 'avalanche' AND address = '0x5947bb275c521040051d82396192181b413227a3')),
  ('795a4a80-15cc-5af0-88a4-a13d9c035f06', 'abb3dfb7-d63b-5e8d-ac9f-03a73babcb45', (SELECT id FROM defi_token WHERE chain = 'avalanche' AND address = '0x50b7545627a5162f82a992c33b87adc75187b218'), (SELECT id FROM defi_token WHERE chain = 'avalanche' AND address = '0xb97ef9ef8734c71904d8002f8b6bc66dd9c48a6e')),
  ('79f4a92d-420c-55e5-97a0-783851757044', 'abb3dfb7-d63b-5e8d-ac9f-03a73babcb45', (SELECT id FROM defi_token WHERE chain = 'avalanche' AND address = '0xb97ef9ef8734c71904d8002f8b6bc66dd9c48a6e'), (SELECT id FROM defi_token WHERE chain = 'avalanche' AND address = '0x50b7545627a5162f82a992c33b87adc75187b218')),
  ('c2b28abf-0349-5726-8a19-7388a044c895', 'abb3dfb7-d63b-5e8d-ac9f-03a73babcb45', (SELECT id FROM defi_token WHERE chain = 'avalanche' AND address = '0x9702230a8ea53601f5cd2dc00fdbc13d4df4a8c7'), (SELECT id FROM defi_token WHERE chain = 'avalanche' AND address = '0xb97ef9ef8734c71904d8002f8b6bc66dd9c48a6e')),
  ('00dca595-539f-511c-b565-93fc0bdf17b5', 'abb3dfb7-d63b-5e8d-ac9f-03a73babcb45', (SELECT id FROM defi_token WHERE chain = 'avalanche' AND address = '0xb97ef9ef8734c71904d8002f8b6bc66dd9c48a6e'), (SELECT id FROM defi_token WHERE chain = 'avalanche' AND address = '0x9702230a8ea53601f5cd2dc00fdbc13d4df4a8c7')),
  ('d34951fa-97fc-526c-b19e-678290aa7ddf', 'abb3dfb7-d63b-5e8d-ac9f-03a73babcb45', (SELECT id FROM defi_token WHERE chain = 'avalanche' AND address = '0x63a72806098bd3d9520cc43356dd78afe5d386d9'), (SELECT id FROM defi_token WHERE chain = 'avalanche' AND address = '0xb97ef9ef8734c71904d8002f8b6bc66dd9c48a6e')),
  ('9814ecaa-0884-515c-b3b6-dc83fcc5bc5c', 'abb3dfb7-d63b-5e8d-ac9f-03a73babcb45', (SELECT id FROM defi_token WHERE chain = 'avalanche' AND address = '0xb97ef9ef8734c71904d8002f8b6bc66dd9c48a6e'), (SELECT id FROM defi_token WHERE chain = 'avalanche' AND address = '0x63a72806098bd3d9520cc43356dd78afe5d386d9')),
  ('f1d8e203-bc2d-5636-9858-1bde5498490d', 'abb3dfb7-d63b-5e8d-ac9f-03a73babcb45', (SELECT id FROM defi_token WHERE chain = 'avalanche' AND address = '0x2b2c81e08f1af8835a78bb2a90ae924ace0ea4be'), (SELECT id FROM defi_token WHERE chain = 'avalanche' AND address = '0xb97ef9ef8734c71904d8002f8b6bc66dd9c48a6e')),
  ('12cbdd2f-461e-5d0d-ace6-e5aea68ee207', 'abb3dfb7-d63b-5e8d-ac9f-03a73babcb45', (SELECT id FROM defi_token WHERE chain = 'avalanche' AND address = '0xb97ef9ef8734c71904d8002f8b6bc66dd9c48a6e'), (SELECT id FROM defi_token WHERE chain = 'avalanche' AND address = '0x2b2c81e08f1af8835a78bb2a90ae924ace0ea4be')),
  ('fb63849b-7741-5290-91a2-cf4eb62240bd', 'abb3dfb7-d63b-5e8d-ac9f-03a73babcb45', (SELECT id FROM defi_token WHERE chain = 'avalanche' AND address = '0xd24c2ad096400b6fbcd2ad8b24e7acbc21a1da64'), (SELECT id FROM defi_token WHERE chain = 'avalanche' AND address = '0xb97ef9ef8734c71904d8002f8b6bc66dd9c48a6e')),
  ('ab7e6592-b096-58f7-b55f-0dbd2b4f7ae8', 'abb3dfb7-d63b-5e8d-ac9f-03a73babcb45', (SELECT id FROM defi_token WHERE chain = 'avalanche' AND address = '0xb97ef9ef8734c71904d8002f8b6bc66dd9c48a6e'), (SELECT id FROM defi_token WHERE chain = 'avalanche' AND address = '0xd24c2ad096400b6fbcd2ad8b24e7acbc21a1da64')),
  ('beb2298a-7529-52f9-aad1-03f0d7e04e11', 'abb3dfb7-d63b-5e8d-ac9f-03a73babcb45', (SELECT id FROM defi_token WHERE chain = 'avalanche' AND address = '0x5c49b268c9841aff1cc3b0a418ff5c3442ee3f3b'), (SELECT id FROM defi_token WHERE chain = 'avalanche' AND address = '0xb97ef9ef8734c71904d8002f8b6bc66dd9c48a6e')),
  ('dd81340d-0aef-5368-bde7-34268b269665', 'abb3dfb7-d63b-5e8d-ac9f-03a73babcb45', (SELECT id FROM defi_token WHERE chain = 'avalanche' AND address = '0xb97ef9ef8734c71904d8002f8b6bc66dd9c48a6e'), (SELECT id FROM defi_token WHERE chain = 'avalanche' AND address = '0x5c49b268c9841aff1cc3b0a418ff5c3442ee3f3b')),
  ('01d2695c-3fba-50cf-a1d5-5d6780485ca7', 'abb3dfb7-d63b-5e8d-ac9f-03a73babcb45', (SELECT id FROM defi_token WHERE chain = 'avalanche' AND address = '0x152b9d0fdc40c096757f570a51e494bd4b943e50'), (SELECT id FROM defi_token WHERE chain = 'avalanche' AND address = '0xb97ef9ef8734c71904d8002f8b6bc66dd9c48a6e')),
  ('f296b9a9-4570-55e4-868e-6b9886272e87', 'abb3dfb7-d63b-5e8d-ac9f-03a73babcb45', (SELECT id FROM defi_token WHERE chain = 'avalanche' AND address = '0xb97ef9ef8734c71904d8002f8b6bc66dd9c48a6e'), (SELECT id FROM defi_token WHERE chain = 'avalanche' AND address = '0x152b9d0fdc40c096757f570a51e494bd4b943e50')),
  ('7eb9630e-0d5e-5fb2-8773-6a4787bcc436', 'abb3dfb7-d63b-5e8d-ac9f-03a73babcb45', (SELECT id FROM defi_token WHERE chain = 'avalanche' AND address = '0x00000000efe302beaa2b3e6e1b18d08d69a9012a'), (SELECT id FROM defi_token WHERE chain = 'avalanche' AND address = '0xb97ef9ef8734c71904d8002f8b6bc66dd9c48a6e')),
  ('aec8c8c9-d323-5ecd-bd79-220e19b2dbcd', 'abb3dfb7-d63b-5e8d-ac9f-03a73babcb45', (SELECT id FROM defi_token WHERE chain = 'avalanche' AND address = '0xb97ef9ef8734c71904d8002f8b6bc66dd9c48a6e'), (SELECT id FROM defi_token WHERE chain = 'avalanche' AND address = '0x00000000efe302beaa2b3e6e1b18d08d69a9012a')),
  ('f06c1cda-7536-520f-afcd-f5b5f88281ba', 'abb3dfb7-d63b-5e8d-ac9f-03a73babcb45', (SELECT id FROM defi_token WHERE chain = 'avalanche' AND address = '0xfc421ad3c883bf9e7c4f42de845c4e4405799e73'), (SELECT id FROM defi_token WHERE chain = 'avalanche' AND address = '0xb97ef9ef8734c71904d8002f8b6bc66dd9c48a6e')),
  ('e729c85b-8b83-5629-bf53-aa1110af14a3', 'abb3dfb7-d63b-5e8d-ac9f-03a73babcb45', (SELECT id FROM defi_token WHERE chain = 'avalanche' AND address = '0xb97ef9ef8734c71904d8002f8b6bc66dd9c48a6e'), (SELECT id FROM defi_token WHERE chain = 'avalanche' AND address = '0xfc421ad3c883bf9e7c4f42de845c4e4405799e73')),
  ('dfb17fa4-6578-52fb-a9dc-0b9ec4c81da4', 'abb3dfb7-d63b-5e8d-ac9f-03a73babcb45', (SELECT id FROM defi_token WHERE chain = 'avalanche' AND address = '0xc891eb4cbdeff6e073e859e987815ed1505c2acd'), (SELECT id FROM defi_token WHERE chain = 'avalanche' AND address = '0xb97ef9ef8734c71904d8002f8b6bc66dd9c48a6e')),
  ('21209950-2b2d-5d45-a738-04a726b063d1', 'abb3dfb7-d63b-5e8d-ac9f-03a73babcb45', (SELECT id FROM defi_token WHERE chain = 'avalanche' AND address = '0xb97ef9ef8734c71904d8002f8b6bc66dd9c48a6e'), (SELECT id FROM defi_token WHERE chain = 'avalanche' AND address = '0xc891eb4cbdeff6e073e859e987815ed1505c2acd')),
  ('fa4347c6-1436-5cf5-b028-0b2a168b9a2c', 'abb3dfb7-d63b-5e8d-ac9f-03a73babcb45', (SELECT id FROM defi_token WHERE chain = 'avalanche' AND address = '0x5d3a1ff2b6bab83b63cd9ad0787074081a52ef34'), (SELECT id FROM defi_token WHERE chain = 'avalanche' AND address = '0xb97ef9ef8734c71904d8002f8b6bc66dd9c48a6e')),
  ('c76e61b1-7e5c-5385-889a-9fc0845feaa1', 'abb3dfb7-d63b-5e8d-ac9f-03a73babcb45', (SELECT id FROM defi_token WHERE chain = 'avalanche' AND address = '0xb97ef9ef8734c71904d8002f8b6bc66dd9c48a6e'), (SELECT id FROM defi_token WHERE chain = 'avalanche' AND address = '0x5d3a1ff2b6bab83b63cd9ad0787074081a52ef34')),
  ('86e17465-0790-5587-8a87-f328ca458b39', 'abb3dfb7-d63b-5e8d-ac9f-03a73babcb45', (SELECT id FROM defi_token WHERE chain = 'avalanche' AND address = '0x211cc4dd073734da055fbf44a2b4667d5e5fe5d2'), (SELECT id FROM defi_token WHERE chain = 'avalanche' AND address = '0xb97ef9ef8734c71904d8002f8b6bc66dd9c48a6e')),
  ('2c81c8da-e60f-5a21-b9c9-5ba35a915bcf', 'abb3dfb7-d63b-5e8d-ac9f-03a73babcb45', (SELECT id FROM defi_token WHERE chain = 'avalanche' AND address = '0xb97ef9ef8734c71904d8002f8b6bc66dd9c48a6e'), (SELECT id FROM defi_token WHERE chain = 'avalanche' AND address = '0x211cc4dd073734da055fbf44a2b4667d5e5fe5d2')),
  ('da549d8d-15d1-549d-9db9-495858363c87', 'abb3dfb7-d63b-5e8d-ac9f-03a73babcb45', (SELECT id FROM defi_token WHERE chain = 'avalanche' AND address = '0x7bfd4ca2a6cf3a3fddd645d10b323031afe47ff0'), (SELECT id FROM defi_token WHERE chain = 'avalanche' AND address = '0xb97ef9ef8734c71904d8002f8b6bc66dd9c48a6e')),
  ('23bfaa33-8736-5acd-894f-813c50845beb', 'abb3dfb7-d63b-5e8d-ac9f-03a73babcb45', (SELECT id FROM defi_token WHERE chain = 'avalanche' AND address = '0xb97ef9ef8734c71904d8002f8b6bc66dd9c48a6e'), (SELECT id FROM defi_token WHERE chain = 'avalanche' AND address = '0x7bfd4ca2a6cf3a3fddd645d10b323031afe47ff0')),
  ('579051d8-1c3e-5346-a936-eb7ed4c8d176', 'c67ce441-0e59-5146-ab52-91e244982139', (SELECT id FROM defi_token WHERE chain = 'arbitrum' AND address = '0xda10009cbd5d07dd0cecc66161fc93d7c9000da1'), (SELECT id FROM defi_token WHERE chain = 'arbitrum' AND address = '0x82af49447d8a07e3bd95bd0d56f35241523fbab1')),
  ('38676507-6063-567a-9686-d4571ec743cc', 'c67ce441-0e59-5146-ab52-91e244982139', (SELECT id FROM defi_token WHERE chain = 'arbitrum' AND address = '0x82af49447d8a07e3bd95bd0d56f35241523fbab1'), (SELECT id FROM defi_token WHERE chain = 'arbitrum' AND address = '0xda10009cbd5d07dd0cecc66161fc93d7c9000da1')),
  ('4a5e7625-7a61-5729-b976-cb307c40e262', 'c67ce441-0e59-5146-ab52-91e244982139', (SELECT id FROM defi_token WHERE chain = 'arbitrum' AND address = '0xf97f4df75117a78c1a5a0dbb814af92458539fb4'), (SELECT id FROM defi_token WHERE chain = 'arbitrum' AND address = '0x82af49447d8a07e3bd95bd0d56f35241523fbab1')),
  ('c69959d2-52cf-5592-84f0-467d8736b54a', 'c67ce441-0e59-5146-ab52-91e244982139', (SELECT id FROM defi_token WHERE chain = 'arbitrum' AND address = '0x82af49447d8a07e3bd95bd0d56f35241523fbab1'), (SELECT id FROM defi_token WHERE chain = 'arbitrum' AND address = '0xf97f4df75117a78c1a5a0dbb814af92458539fb4')),
  ('bf970491-866c-50dc-998c-fbc1c9a3bffd', 'c67ce441-0e59-5146-ab52-91e244982139', (SELECT id FROM defi_token WHERE chain = 'arbitrum' AND address = '0xff970a61a04b1ca14834a43f5de4533ebddb5cc8'), (SELECT id FROM defi_token WHERE chain = 'arbitrum' AND address = '0x82af49447d8a07e3bd95bd0d56f35241523fbab1')),
  ('85ca25dc-1b85-5897-8208-4ba0347a07c8', 'c67ce441-0e59-5146-ab52-91e244982139', (SELECT id FROM defi_token WHERE chain = 'arbitrum' AND address = '0x82af49447d8a07e3bd95bd0d56f35241523fbab1'), (SELECT id FROM defi_token WHERE chain = 'arbitrum' AND address = '0xff970a61a04b1ca14834a43f5de4533ebddb5cc8')),
  ('a51677cf-1816-5385-99f7-0d580bf23a1e', 'c67ce441-0e59-5146-ab52-91e244982139', (SELECT id FROM defi_token WHERE chain = 'arbitrum' AND address = '0x2f2a2543b76a4166549f7aab2e75bef0aefc5b0f'), (SELECT id FROM defi_token WHERE chain = 'arbitrum' AND address = '0x82af49447d8a07e3bd95bd0d56f35241523fbab1')),
  ('60f8acd6-39fe-59f8-8ca0-756059818eaa', 'c67ce441-0e59-5146-ab52-91e244982139', (SELECT id FROM defi_token WHERE chain = 'arbitrum' AND address = '0x82af49447d8a07e3bd95bd0d56f35241523fbab1'), (SELECT id FROM defi_token WHERE chain = 'arbitrum' AND address = '0x2f2a2543b76a4166549f7aab2e75bef0aefc5b0f')),
  ('d1c19981-ee18-5359-9df7-95f9970f47ca', 'c67ce441-0e59-5146-ab52-91e244982139', (SELECT id FROM defi_token WHERE chain = 'arbitrum' AND address = '0xfd086bc7cd5c481dcc9c85ebe478a1c0b69fcbb9'), (SELECT id FROM defi_token WHERE chain = 'arbitrum' AND address = '0x82af49447d8a07e3bd95bd0d56f35241523fbab1')),
  ('149994f9-c186-572e-90cf-6d5bc1389a67', 'c67ce441-0e59-5146-ab52-91e244982139', (SELECT id FROM defi_token WHERE chain = 'arbitrum' AND address = '0x82af49447d8a07e3bd95bd0d56f35241523fbab1'), (SELECT id FROM defi_token WHERE chain = 'arbitrum' AND address = '0xfd086bc7cd5c481dcc9c85ebe478a1c0b69fcbb9')),
  ('3fbd9020-a067-5990-b6e7-f079ca429217', 'c67ce441-0e59-5146-ab52-91e244982139', (SELECT id FROM defi_token WHERE chain = 'arbitrum' AND address = '0xba5ddd1f9d7f570dc94a51479a000e3bce967196'), (SELECT id FROM defi_token WHERE chain = 'arbitrum' AND address = '0x82af49447d8a07e3bd95bd0d56f35241523fbab1')),
  ('017ed83e-2d62-513b-96b4-4a7a049686f5', 'c67ce441-0e59-5146-ab52-91e244982139', (SELECT id FROM defi_token WHERE chain = 'arbitrum' AND address = '0x82af49447d8a07e3bd95bd0d56f35241523fbab1'), (SELECT id FROM defi_token WHERE chain = 'arbitrum' AND address = '0xba5ddd1f9d7f570dc94a51479a000e3bce967196')),
  ('20815c02-7f25-5d13-8b19-c9bfbc8cef37', 'c67ce441-0e59-5146-ab52-91e244982139', (SELECT id FROM defi_token WHERE chain = 'arbitrum' AND address = '0xd22a58f79e9481d1a88e00c343885a588b34b68b'), (SELECT id FROM defi_token WHERE chain = 'arbitrum' AND address = '0x82af49447d8a07e3bd95bd0d56f35241523fbab1')),
  ('fce3de23-a7d8-5119-95d4-2a18bd3def42', 'c67ce441-0e59-5146-ab52-91e244982139', (SELECT id FROM defi_token WHERE chain = 'arbitrum' AND address = '0x82af49447d8a07e3bd95bd0d56f35241523fbab1'), (SELECT id FROM defi_token WHERE chain = 'arbitrum' AND address = '0xd22a58f79e9481d1a88e00c343885a588b34b68b')),
  ('6db2f3c9-04b1-5f41-a081-640df7a8216a', 'c67ce441-0e59-5146-ab52-91e244982139', (SELECT id FROM defi_token WHERE chain = 'arbitrum' AND address = '0x5979d7b546e38e414f7e9822514be443a4800529'), (SELECT id FROM defi_token WHERE chain = 'arbitrum' AND address = '0x82af49447d8a07e3bd95bd0d56f35241523fbab1')),
  ('43d0d6a3-0ba3-5051-a257-0675e64e3c6a', 'c67ce441-0e59-5146-ab52-91e244982139', (SELECT id FROM defi_token WHERE chain = 'arbitrum' AND address = '0x82af49447d8a07e3bd95bd0d56f35241523fbab1'), (SELECT id FROM defi_token WHERE chain = 'arbitrum' AND address = '0x5979d7b546e38e414f7e9822514be443a4800529')),
  ('3a59a8ff-5c7d-570f-9efd-3056d32f3991', 'c67ce441-0e59-5146-ab52-91e244982139', (SELECT id FROM defi_token WHERE chain = 'arbitrum' AND address = '0x3f56e0c36d275367b8c502090edf38289b3dea0d'), (SELECT id FROM defi_token WHERE chain = 'arbitrum' AND address = '0x82af49447d8a07e3bd95bd0d56f35241523fbab1')),
  ('5368371b-f119-5b4d-a6aa-641f3e7d9afe', 'c67ce441-0e59-5146-ab52-91e244982139', (SELECT id FROM defi_token WHERE chain = 'arbitrum' AND address = '0x82af49447d8a07e3bd95bd0d56f35241523fbab1'), (SELECT id FROM defi_token WHERE chain = 'arbitrum' AND address = '0x3f56e0c36d275367b8c502090edf38289b3dea0d')),
  ('b3dda2d1-d7b5-5c62-bd3c-2d57d6fd235e', 'c67ce441-0e59-5146-ab52-91e244982139', (SELECT id FROM defi_token WHERE chain = 'arbitrum' AND address = '0xec70dcb4a1efa46b8f2d97c310c9c4790ba5ffa8'), (SELECT id FROM defi_token WHERE chain = 'arbitrum' AND address = '0x82af49447d8a07e3bd95bd0d56f35241523fbab1')),
  ('39b13362-72ed-5869-8402-16c9c397f2db', 'c67ce441-0e59-5146-ab52-91e244982139', (SELECT id FROM defi_token WHERE chain = 'arbitrum' AND address = '0x82af49447d8a07e3bd95bd0d56f35241523fbab1'), (SELECT id FROM defi_token WHERE chain = 'arbitrum' AND address = '0xec70dcb4a1efa46b8f2d97c310c9c4790ba5ffa8')),
  ('a4425965-ebc5-5979-9934-0a6a130dba47', 'c67ce441-0e59-5146-ab52-91e244982139', (SELECT id FROM defi_token WHERE chain = 'arbitrum' AND address = '0x93b346b6bc2548da6a1e7d98e9a421b42541425b'), (SELECT id FROM defi_token WHERE chain = 'arbitrum' AND address = '0x82af49447d8a07e3bd95bd0d56f35241523fbab1')),
  ('873bd476-49fd-58cc-97a3-9b9fb2aaafdd', 'c67ce441-0e59-5146-ab52-91e244982139', (SELECT id FROM defi_token WHERE chain = 'arbitrum' AND address = '0x82af49447d8a07e3bd95bd0d56f35241523fbab1'), (SELECT id FROM defi_token WHERE chain = 'arbitrum' AND address = '0x93b346b6bc2548da6a1e7d98e9a421b42541425b')),
  ('d0410c4b-cd3d-55c7-b8f2-c0b3edbca25f', 'c67ce441-0e59-5146-ab52-91e244982139', (SELECT id FROM defi_token WHERE chain = 'arbitrum' AND address = '0xaf88d065e77c8cc2239327c5edb3a432268e5831'), (SELECT id FROM defi_token WHERE chain = 'arbitrum' AND address = '0x82af49447d8a07e3bd95bd0d56f35241523fbab1')),
  ('0d5f582b-2563-54ae-ae9b-53691dac1cc5', 'c67ce441-0e59-5146-ab52-91e244982139', (SELECT id FROM defi_token WHERE chain = 'arbitrum' AND address = '0x82af49447d8a07e3bd95bd0d56f35241523fbab1'), (SELECT id FROM defi_token WHERE chain = 'arbitrum' AND address = '0xaf88d065e77c8cc2239327c5edb3a432268e5831')),
  ('9de2121b-3e11-5ed9-a13b-fe572df87fef', 'c67ce441-0e59-5146-ab52-91e244982139', (SELECT id FROM defi_token WHERE chain = 'arbitrum' AND address = '0x17fc002b466eec40dae837fc4be5c67993ddbd6f'), (SELECT id FROM defi_token WHERE chain = 'arbitrum' AND address = '0x82af49447d8a07e3bd95bd0d56f35241523fbab1')),
  ('f7a7dd24-bba1-50f4-904a-35f88ea6f7c2', 'c67ce441-0e59-5146-ab52-91e244982139', (SELECT id FROM defi_token WHERE chain = 'arbitrum' AND address = '0x82af49447d8a07e3bd95bd0d56f35241523fbab1'), (SELECT id FROM defi_token WHERE chain = 'arbitrum' AND address = '0x17fc002b466eec40dae837fc4be5c67993ddbd6f')),
  ('95d4ae42-f748-54a7-bb7d-79af9744f334', 'c67ce441-0e59-5146-ab52-91e244982139', (SELECT id FROM defi_token WHERE chain = 'arbitrum' AND address = '0x912ce59144191c1204e64559fe8253a0e49e6548'), (SELECT id FROM defi_token WHERE chain = 'arbitrum' AND address = '0x82af49447d8a07e3bd95bd0d56f35241523fbab1')),
  ('31183f64-5ba2-5479-8f03-c246ab439138', 'c67ce441-0e59-5146-ab52-91e244982139', (SELECT id FROM defi_token WHERE chain = 'arbitrum' AND address = '0x82af49447d8a07e3bd95bd0d56f35241523fbab1'), (SELECT id FROM defi_token WHERE chain = 'arbitrum' AND address = '0x912ce59144191c1204e64559fe8253a0e49e6548')),
  ('c5adf07d-378a-52ce-a44e-0dea547cc50a', 'c67ce441-0e59-5146-ab52-91e244982139', (SELECT id FROM defi_token WHERE chain = 'arbitrum' AND address = '0x35751007a407ca6feffe80b3cb397736d2cf4dbe'), (SELECT id FROM defi_token WHERE chain = 'arbitrum' AND address = '0x82af49447d8a07e3bd95bd0d56f35241523fbab1')),
  ('984850a9-b729-56c4-a4c2-4a052b39afc9', 'c67ce441-0e59-5146-ab52-91e244982139', (SELECT id FROM defi_token WHERE chain = 'arbitrum' AND address = '0x82af49447d8a07e3bd95bd0d56f35241523fbab1'), (SELECT id FROM defi_token WHERE chain = 'arbitrum' AND address = '0x35751007a407ca6feffe80b3cb397736d2cf4dbe')),
  ('2242917a-fbfa-5e5b-98d9-2680ea4bee8e', 'c67ce441-0e59-5146-ab52-91e244982139', (SELECT id FROM defi_token WHERE chain = 'arbitrum' AND address = '0x7dff72693f6a4149b17e7c6314655f6a9f7c8b33'), (SELECT id FROM defi_token WHERE chain = 'arbitrum' AND address = '0x82af49447d8a07e3bd95bd0d56f35241523fbab1')),
  ('19bb8f09-a59a-5a7c-838d-8da52903d080', 'c67ce441-0e59-5146-ab52-91e244982139', (SELECT id FROM defi_token WHERE chain = 'arbitrum' AND address = '0x82af49447d8a07e3bd95bd0d56f35241523fbab1'), (SELECT id FROM defi_token WHERE chain = 'arbitrum' AND address = '0x7dff72693f6a4149b17e7c6314655f6a9f7c8b33')),
  ('0960b432-2a36-5ec7-923e-5c867181f93a', 'c67ce441-0e59-5146-ab52-91e244982139', (SELECT id FROM defi_token WHERE chain = 'arbitrum' AND address = '0x2416092f143378750bb29b79ed961ab195cceea5'), (SELECT id FROM defi_token WHERE chain = 'arbitrum' AND address = '0x82af49447d8a07e3bd95bd0d56f35241523fbab1')),
  ('04ece540-756c-57bf-ab67-f34a74dbe03a', 'c67ce441-0e59-5146-ab52-91e244982139', (SELECT id FROM defi_token WHERE chain = 'arbitrum' AND address = '0x82af49447d8a07e3bd95bd0d56f35241523fbab1'), (SELECT id FROM defi_token WHERE chain = 'arbitrum' AND address = '0x2416092f143378750bb29b79ed961ab195cceea5')),
  ('54bd73d0-38da-5e4a-a9c0-3200b35d783d', 'c67ce441-0e59-5146-ab52-91e244982139', (SELECT id FROM defi_token WHERE chain = 'arbitrum' AND address = '0x4186bfc76e2e237523cbc30fd220fe055156b41f'), (SELECT id FROM defi_token WHERE chain = 'arbitrum' AND address = '0x82af49447d8a07e3bd95bd0d56f35241523fbab1')),
  ('ad9677fa-9899-5eba-aa50-9d5efa5cda1f', 'c67ce441-0e59-5146-ab52-91e244982139', (SELECT id FROM defi_token WHERE chain = 'arbitrum' AND address = '0x82af49447d8a07e3bd95bd0d56f35241523fbab1'), (SELECT id FROM defi_token WHERE chain = 'arbitrum' AND address = '0x4186bfc76e2e237523cbc30fd220fe055156b41f')),
  ('8c0381e7-cb70-5f36-bd92-d665b28fcf83', 'c67ce441-0e59-5146-ab52-91e244982139', (SELECT id FROM defi_token WHERE chain = 'arbitrum' AND address = '0x6c84a8f1c29108f47a79964b5fe888d4f4d0de40'), (SELECT id FROM defi_token WHERE chain = 'arbitrum' AND address = '0x82af49447d8a07e3bd95bd0d56f35241523fbab1')),
  ('a51c1f3a-bd5e-5703-8e71-67060fa8afc0', 'c67ce441-0e59-5146-ab52-91e244982139', (SELECT id FROM defi_token WHERE chain = 'arbitrum' AND address = '0x82af49447d8a07e3bd95bd0d56f35241523fbab1'), (SELECT id FROM defi_token WHERE chain = 'arbitrum' AND address = '0x6c84a8f1c29108f47a79964b5fe888d4f4d0de40')),
  ('e090d444-1320-5588-b61b-77a0bb9c48b7', 'c67ce441-0e59-5146-ab52-91e244982139', (SELECT id FROM defi_token WHERE chain = 'arbitrum' AND address = '0xda10009cbd5d07dd0cecc66161fc93d7c9000da1'), (SELECT id FROM defi_token WHERE chain = 'arbitrum' AND address = '0xff970a61a04b1ca14834a43f5de4533ebddb5cc8')),
  ('425cf53e-3b28-5565-b7f6-9246e0da77a4', 'c67ce441-0e59-5146-ab52-91e244982139', (SELECT id FROM defi_token WHERE chain = 'arbitrum' AND address = '0xff970a61a04b1ca14834a43f5de4533ebddb5cc8'), (SELECT id FROM defi_token WHERE chain = 'arbitrum' AND address = '0xda10009cbd5d07dd0cecc66161fc93d7c9000da1')),
  ('5b7749b6-4b0e-522d-ba69-e6116ea44f96', 'c67ce441-0e59-5146-ab52-91e244982139', (SELECT id FROM defi_token WHERE chain = 'arbitrum' AND address = '0xf97f4df75117a78c1a5a0dbb814af92458539fb4'), (SELECT id FROM defi_token WHERE chain = 'arbitrum' AND address = '0xff970a61a04b1ca14834a43f5de4533ebddb5cc8')),
  ('711f1e89-889d-5de9-95dc-ec8880b65964', 'c67ce441-0e59-5146-ab52-91e244982139', (SELECT id FROM defi_token WHERE chain = 'arbitrum' AND address = '0xff970a61a04b1ca14834a43f5de4533ebddb5cc8'), (SELECT id FROM defi_token WHERE chain = 'arbitrum' AND address = '0xf97f4df75117a78c1a5a0dbb814af92458539fb4')),
  ('88302639-7cec-50ef-9f73-44e4ca35a473', 'c67ce441-0e59-5146-ab52-91e244982139', (SELECT id FROM defi_token WHERE chain = 'arbitrum' AND address = '0x2f2a2543b76a4166549f7aab2e75bef0aefc5b0f'), (SELECT id FROM defi_token WHERE chain = 'arbitrum' AND address = '0xff970a61a04b1ca14834a43f5de4533ebddb5cc8')),
  ('8bdf968d-1fee-5894-a71b-c153968b05dd', 'c67ce441-0e59-5146-ab52-91e244982139', (SELECT id FROM defi_token WHERE chain = 'arbitrum' AND address = '0xff970a61a04b1ca14834a43f5de4533ebddb5cc8'), (SELECT id FROM defi_token WHERE chain = 'arbitrum' AND address = '0x2f2a2543b76a4166549f7aab2e75bef0aefc5b0f')),
  ('e0d270c9-341a-56f8-ab1e-91ebf56b08bf', 'c67ce441-0e59-5146-ab52-91e244982139', (SELECT id FROM defi_token WHERE chain = 'arbitrum' AND address = '0xfd086bc7cd5c481dcc9c85ebe478a1c0b69fcbb9'), (SELECT id FROM defi_token WHERE chain = 'arbitrum' AND address = '0xff970a61a04b1ca14834a43f5de4533ebddb5cc8')),
  ('d40e9956-70df-5725-9bdb-3532592f52b2', 'c67ce441-0e59-5146-ab52-91e244982139', (SELECT id FROM defi_token WHERE chain = 'arbitrum' AND address = '0xff970a61a04b1ca14834a43f5de4533ebddb5cc8'), (SELECT id FROM defi_token WHERE chain = 'arbitrum' AND address = '0xfd086bc7cd5c481dcc9c85ebe478a1c0b69fcbb9')),
  ('984a2db0-2f08-5219-b512-46a72cb52f87', 'c67ce441-0e59-5146-ab52-91e244982139', (SELECT id FROM defi_token WHERE chain = 'arbitrum' AND address = '0xba5ddd1f9d7f570dc94a51479a000e3bce967196'), (SELECT id FROM defi_token WHERE chain = 'arbitrum' AND address = '0xff970a61a04b1ca14834a43f5de4533ebddb5cc8')),
  ('7ab494c4-611b-583d-b493-794775ee2015', 'c67ce441-0e59-5146-ab52-91e244982139', (SELECT id FROM defi_token WHERE chain = 'arbitrum' AND address = '0xff970a61a04b1ca14834a43f5de4533ebddb5cc8'), (SELECT id FROM defi_token WHERE chain = 'arbitrum' AND address = '0xba5ddd1f9d7f570dc94a51479a000e3bce967196')),
  ('7210acf6-fd08-50cd-9f8e-2f237c7e8d8b', 'c67ce441-0e59-5146-ab52-91e244982139', (SELECT id FROM defi_token WHERE chain = 'arbitrum' AND address = '0xd22a58f79e9481d1a88e00c343885a588b34b68b'), (SELECT id FROM defi_token WHERE chain = 'arbitrum' AND address = '0xff970a61a04b1ca14834a43f5de4533ebddb5cc8')),
  ('b0af477e-1482-5711-ad97-935c02b78487', 'c67ce441-0e59-5146-ab52-91e244982139', (SELECT id FROM defi_token WHERE chain = 'arbitrum' AND address = '0xff970a61a04b1ca14834a43f5de4533ebddb5cc8'), (SELECT id FROM defi_token WHERE chain = 'arbitrum' AND address = '0xd22a58f79e9481d1a88e00c343885a588b34b68b')),
  ('a80b248f-5521-5963-81e3-ee81c0ac646e', 'c67ce441-0e59-5146-ab52-91e244982139', (SELECT id FROM defi_token WHERE chain = 'arbitrum' AND address = '0x5979d7b546e38e414f7e9822514be443a4800529'), (SELECT id FROM defi_token WHERE chain = 'arbitrum' AND address = '0xff970a61a04b1ca14834a43f5de4533ebddb5cc8')),
  ('43cdc8c2-066f-5c46-81f7-06f529dfeb80', 'c67ce441-0e59-5146-ab52-91e244982139', (SELECT id FROM defi_token WHERE chain = 'arbitrum' AND address = '0xff970a61a04b1ca14834a43f5de4533ebddb5cc8'), (SELECT id FROM defi_token WHERE chain = 'arbitrum' AND address = '0x5979d7b546e38e414f7e9822514be443a4800529')),
  ('cff19316-e701-5940-afa0-d19dcea7c4fd', 'c67ce441-0e59-5146-ab52-91e244982139', (SELECT id FROM defi_token WHERE chain = 'arbitrum' AND address = '0x3f56e0c36d275367b8c502090edf38289b3dea0d'), (SELECT id FROM defi_token WHERE chain = 'arbitrum' AND address = '0xff970a61a04b1ca14834a43f5de4533ebddb5cc8')),
  ('ac4714f3-d821-556e-a37d-9db21d7236b1', 'c67ce441-0e59-5146-ab52-91e244982139', (SELECT id FROM defi_token WHERE chain = 'arbitrum' AND address = '0xff970a61a04b1ca14834a43f5de4533ebddb5cc8'), (SELECT id FROM defi_token WHERE chain = 'arbitrum' AND address = '0x3f56e0c36d275367b8c502090edf38289b3dea0d')),
  ('940ff7d2-e6b5-5596-a262-a6a6a5d26127', 'c67ce441-0e59-5146-ab52-91e244982139', (SELECT id FROM defi_token WHERE chain = 'arbitrum' AND address = '0xec70dcb4a1efa46b8f2d97c310c9c4790ba5ffa8'), (SELECT id FROM defi_token WHERE chain = 'arbitrum' AND address = '0xff970a61a04b1ca14834a43f5de4533ebddb5cc8')),
  ('3c3978ef-cf26-5eec-ad42-95283e6a8e05', 'c67ce441-0e59-5146-ab52-91e244982139', (SELECT id FROM defi_token WHERE chain = 'arbitrum' AND address = '0xff970a61a04b1ca14834a43f5de4533ebddb5cc8'), (SELECT id FROM defi_token WHERE chain = 'arbitrum' AND address = '0xec70dcb4a1efa46b8f2d97c310c9c4790ba5ffa8')),
  ('b2351f90-d788-59e7-924e-36ced9979163', 'c67ce441-0e59-5146-ab52-91e244982139', (SELECT id FROM defi_token WHERE chain = 'arbitrum' AND address = '0x93b346b6bc2548da6a1e7d98e9a421b42541425b'), (SELECT id FROM defi_token WHERE chain = 'arbitrum' AND address = '0xff970a61a04b1ca14834a43f5de4533ebddb5cc8')),
  ('bf946a2a-db1f-5ec5-aefc-96e67c1eefee', 'c67ce441-0e59-5146-ab52-91e244982139', (SELECT id FROM defi_token WHERE chain = 'arbitrum' AND address = '0xff970a61a04b1ca14834a43f5de4533ebddb5cc8'), (SELECT id FROM defi_token WHERE chain = 'arbitrum' AND address = '0x93b346b6bc2548da6a1e7d98e9a421b42541425b')),
  ('6b44372f-f609-55a9-8f93-857b228e6134', 'c67ce441-0e59-5146-ab52-91e244982139', (SELECT id FROM defi_token WHERE chain = 'arbitrum' AND address = '0xaf88d065e77c8cc2239327c5edb3a432268e5831'), (SELECT id FROM defi_token WHERE chain = 'arbitrum' AND address = '0xff970a61a04b1ca14834a43f5de4533ebddb5cc8')),
  ('87333a2c-7d1e-5e56-96dd-75deda4715d3', 'c67ce441-0e59-5146-ab52-91e244982139', (SELECT id FROM defi_token WHERE chain = 'arbitrum' AND address = '0xff970a61a04b1ca14834a43f5de4533ebddb5cc8'), (SELECT id FROM defi_token WHERE chain = 'arbitrum' AND address = '0xaf88d065e77c8cc2239327c5edb3a432268e5831')),
  ('f2900c0e-67d2-5a0d-84bd-66cd6f522966', 'c67ce441-0e59-5146-ab52-91e244982139', (SELECT id FROM defi_token WHERE chain = 'arbitrum' AND address = '0x17fc002b466eec40dae837fc4be5c67993ddbd6f'), (SELECT id FROM defi_token WHERE chain = 'arbitrum' AND address = '0xff970a61a04b1ca14834a43f5de4533ebddb5cc8')),
  ('c5835e7a-ae75-512f-8cfe-84df0c9a36ba', 'c67ce441-0e59-5146-ab52-91e244982139', (SELECT id FROM defi_token WHERE chain = 'arbitrum' AND address = '0xff970a61a04b1ca14834a43f5de4533ebddb5cc8'), (SELECT id FROM defi_token WHERE chain = 'arbitrum' AND address = '0x17fc002b466eec40dae837fc4be5c67993ddbd6f')),
  ('b02f11dc-17ca-5c9a-ac50-7222208e9927', 'c67ce441-0e59-5146-ab52-91e244982139', (SELECT id FROM defi_token WHERE chain = 'arbitrum' AND address = '0x912ce59144191c1204e64559fe8253a0e49e6548'), (SELECT id FROM defi_token WHERE chain = 'arbitrum' AND address = '0xff970a61a04b1ca14834a43f5de4533ebddb5cc8')),
  ('3458f8ab-6dae-58b9-aeb5-5b3211278ab3', 'c67ce441-0e59-5146-ab52-91e244982139', (SELECT id FROM defi_token WHERE chain = 'arbitrum' AND address = '0xff970a61a04b1ca14834a43f5de4533ebddb5cc8'), (SELECT id FROM defi_token WHERE chain = 'arbitrum' AND address = '0x912ce59144191c1204e64559fe8253a0e49e6548')),
  ('75ca3b12-6f73-525a-bd09-10d8f5f797b1', 'c67ce441-0e59-5146-ab52-91e244982139', (SELECT id FROM defi_token WHERE chain = 'arbitrum' AND address = '0x35751007a407ca6feffe80b3cb397736d2cf4dbe'), (SELECT id FROM defi_token WHERE chain = 'arbitrum' AND address = '0xff970a61a04b1ca14834a43f5de4533ebddb5cc8')),
  ('b1c4714f-2a47-5d3f-bf08-504ff566d34c', 'c67ce441-0e59-5146-ab52-91e244982139', (SELECT id FROM defi_token WHERE chain = 'arbitrum' AND address = '0xff970a61a04b1ca14834a43f5de4533ebddb5cc8'), (SELECT id FROM defi_token WHERE chain = 'arbitrum' AND address = '0x35751007a407ca6feffe80b3cb397736d2cf4dbe')),
  ('29974f96-7b21-51c8-a81d-b799b59b6cb5', 'c67ce441-0e59-5146-ab52-91e244982139', (SELECT id FROM defi_token WHERE chain = 'arbitrum' AND address = '0x7dff72693f6a4149b17e7c6314655f6a9f7c8b33'), (SELECT id FROM defi_token WHERE chain = 'arbitrum' AND address = '0xff970a61a04b1ca14834a43f5de4533ebddb5cc8')),
  ('bac6b83d-bd93-5933-8393-f3f3de962427', 'c67ce441-0e59-5146-ab52-91e244982139', (SELECT id FROM defi_token WHERE chain = 'arbitrum' AND address = '0xff970a61a04b1ca14834a43f5de4533ebddb5cc8'), (SELECT id FROM defi_token WHERE chain = 'arbitrum' AND address = '0x7dff72693f6a4149b17e7c6314655f6a9f7c8b33')),
  ('c9c514ad-8a47-51a8-b69e-89d238741028', 'c67ce441-0e59-5146-ab52-91e244982139', (SELECT id FROM defi_token WHERE chain = 'arbitrum' AND address = '0x2416092f143378750bb29b79ed961ab195cceea5'), (SELECT id FROM defi_token WHERE chain = 'arbitrum' AND address = '0xff970a61a04b1ca14834a43f5de4533ebddb5cc8')),
  ('cb8b49d0-b867-5d0a-8450-fbfb271f6461', 'c67ce441-0e59-5146-ab52-91e244982139', (SELECT id FROM defi_token WHERE chain = 'arbitrum' AND address = '0xff970a61a04b1ca14834a43f5de4533ebddb5cc8'), (SELECT id FROM defi_token WHERE chain = 'arbitrum' AND address = '0x2416092f143378750bb29b79ed961ab195cceea5')),
  ('ba6e8da5-5d65-5a3b-8940-9ec1da800663', 'c67ce441-0e59-5146-ab52-91e244982139', (SELECT id FROM defi_token WHERE chain = 'arbitrum' AND address = '0x4186bfc76e2e237523cbc30fd220fe055156b41f'), (SELECT id FROM defi_token WHERE chain = 'arbitrum' AND address = '0xff970a61a04b1ca14834a43f5de4533ebddb5cc8')),
  ('154620af-7e70-5adc-8dbf-a55c2bb7b9d9', 'c67ce441-0e59-5146-ab52-91e244982139', (SELECT id FROM defi_token WHERE chain = 'arbitrum' AND address = '0xff970a61a04b1ca14834a43f5de4533ebddb5cc8'), (SELECT id FROM defi_token WHERE chain = 'arbitrum' AND address = '0x4186bfc76e2e237523cbc30fd220fe055156b41f')),
  ('c228ab99-96d3-5279-8208-ab80827a5456', 'c67ce441-0e59-5146-ab52-91e244982139', (SELECT id FROM defi_token WHERE chain = 'arbitrum' AND address = '0x6c84a8f1c29108f47a79964b5fe888d4f4d0de40'), (SELECT id FROM defi_token WHERE chain = 'arbitrum' AND address = '0xff970a61a04b1ca14834a43f5de4533ebddb5cc8')),
  ('a7f43724-cb68-5957-ba2d-b2b4a4e44cce', 'c67ce441-0e59-5146-ab52-91e244982139', (SELECT id FROM defi_token WHERE chain = 'arbitrum' AND address = '0xff970a61a04b1ca14834a43f5de4533ebddb5cc8'), (SELECT id FROM defi_token WHERE chain = 'arbitrum' AND address = '0x6c84a8f1c29108f47a79964b5fe888d4f4d0de40')),
  ('d80ed357-5ad6-5aef-be6c-b8d0611d400d', 'c67ce441-0e59-5146-ab52-91e244982139', (SELECT id FROM defi_token WHERE chain = 'arbitrum' AND address = '0xda10009cbd5d07dd0cecc66161fc93d7c9000da1'), (SELECT id FROM defi_token WHERE chain = 'arbitrum' AND address = '0x2f2a2543b76a4166549f7aab2e75bef0aefc5b0f')),
  ('9a130c5c-edd7-5058-b199-e91cc87745f0', 'c67ce441-0e59-5146-ab52-91e244982139', (SELECT id FROM defi_token WHERE chain = 'arbitrum' AND address = '0x2f2a2543b76a4166549f7aab2e75bef0aefc5b0f'), (SELECT id FROM defi_token WHERE chain = 'arbitrum' AND address = '0xda10009cbd5d07dd0cecc66161fc93d7c9000da1')),
  ('e9edd988-3a49-59c7-a890-901796527547', 'c67ce441-0e59-5146-ab52-91e244982139', (SELECT id FROM defi_token WHERE chain = 'arbitrum' AND address = '0xf97f4df75117a78c1a5a0dbb814af92458539fb4'), (SELECT id FROM defi_token WHERE chain = 'arbitrum' AND address = '0x2f2a2543b76a4166549f7aab2e75bef0aefc5b0f')),
  ('cad6bfab-686e-54e9-a5f8-cf519ea15a1f', 'c67ce441-0e59-5146-ab52-91e244982139', (SELECT id FROM defi_token WHERE chain = 'arbitrum' AND address = '0x2f2a2543b76a4166549f7aab2e75bef0aefc5b0f'), (SELECT id FROM defi_token WHERE chain = 'arbitrum' AND address = '0xf97f4df75117a78c1a5a0dbb814af92458539fb4')),
  ('a6a00d45-6cb9-5c12-a8da-98a6459ce98c', 'c67ce441-0e59-5146-ab52-91e244982139', (SELECT id FROM defi_token WHERE chain = 'arbitrum' AND address = '0xfd086bc7cd5c481dcc9c85ebe478a1c0b69fcbb9'), (SELECT id FROM defi_token WHERE chain = 'arbitrum' AND address = '0x2f2a2543b76a4166549f7aab2e75bef0aefc5b0f')),
  ('335e924a-0fe1-5424-94b2-1cfec0cc691f', 'c67ce441-0e59-5146-ab52-91e244982139', (SELECT id FROM defi_token WHERE chain = 'arbitrum' AND address = '0x2f2a2543b76a4166549f7aab2e75bef0aefc5b0f'), (SELECT id FROM defi_token WHERE chain = 'arbitrum' AND address = '0xfd086bc7cd5c481dcc9c85ebe478a1c0b69fcbb9')),
  ('45867e94-419f-5b1e-ade3-9fe1421d8a30', 'c67ce441-0e59-5146-ab52-91e244982139', (SELECT id FROM defi_token WHERE chain = 'arbitrum' AND address = '0xba5ddd1f9d7f570dc94a51479a000e3bce967196'), (SELECT id FROM defi_token WHERE chain = 'arbitrum' AND address = '0x2f2a2543b76a4166549f7aab2e75bef0aefc5b0f')),
  ('bad82502-f80e-520c-9d3a-eea7c41139f6', 'c67ce441-0e59-5146-ab52-91e244982139', (SELECT id FROM defi_token WHERE chain = 'arbitrum' AND address = '0x2f2a2543b76a4166549f7aab2e75bef0aefc5b0f'), (SELECT id FROM defi_token WHERE chain = 'arbitrum' AND address = '0xba5ddd1f9d7f570dc94a51479a000e3bce967196')),
  ('85ca53f1-3f64-5d34-b79e-a3d3b27acbf7', 'c67ce441-0e59-5146-ab52-91e244982139', (SELECT id FROM defi_token WHERE chain = 'arbitrum' AND address = '0xd22a58f79e9481d1a88e00c343885a588b34b68b'), (SELECT id FROM defi_token WHERE chain = 'arbitrum' AND address = '0x2f2a2543b76a4166549f7aab2e75bef0aefc5b0f')),
  ('62c4f645-ef71-506f-a3f2-0ba4d66a5a26', 'c67ce441-0e59-5146-ab52-91e244982139', (SELECT id FROM defi_token WHERE chain = 'arbitrum' AND address = '0x2f2a2543b76a4166549f7aab2e75bef0aefc5b0f'), (SELECT id FROM defi_token WHERE chain = 'arbitrum' AND address = '0xd22a58f79e9481d1a88e00c343885a588b34b68b')),
  ('1312b78d-c886-5bf0-9b49-39a71b1b6db6', 'c67ce441-0e59-5146-ab52-91e244982139', (SELECT id FROM defi_token WHERE chain = 'arbitrum' AND address = '0x5979d7b546e38e414f7e9822514be443a4800529'), (SELECT id FROM defi_token WHERE chain = 'arbitrum' AND address = '0x2f2a2543b76a4166549f7aab2e75bef0aefc5b0f')),
  ('4be7d9ab-43ee-57c5-8c55-f62cf1b5c491', 'c67ce441-0e59-5146-ab52-91e244982139', (SELECT id FROM defi_token WHERE chain = 'arbitrum' AND address = '0x2f2a2543b76a4166549f7aab2e75bef0aefc5b0f'), (SELECT id FROM defi_token WHERE chain = 'arbitrum' AND address = '0x5979d7b546e38e414f7e9822514be443a4800529')),
  ('c3d65c71-d07d-5a55-9677-f69605adc6b1', 'c67ce441-0e59-5146-ab52-91e244982139', (SELECT id FROM defi_token WHERE chain = 'arbitrum' AND address = '0x3f56e0c36d275367b8c502090edf38289b3dea0d'), (SELECT id FROM defi_token WHERE chain = 'arbitrum' AND address = '0x2f2a2543b76a4166549f7aab2e75bef0aefc5b0f')),
  ('ec475e12-82b4-5684-b882-1a9b87115fe7', 'c67ce441-0e59-5146-ab52-91e244982139', (SELECT id FROM defi_token WHERE chain = 'arbitrum' AND address = '0x2f2a2543b76a4166549f7aab2e75bef0aefc5b0f'), (SELECT id FROM defi_token WHERE chain = 'arbitrum' AND address = '0x3f56e0c36d275367b8c502090edf38289b3dea0d')),
  ('093bae54-9fc1-58f5-b7e0-845ffc9735a4', 'c67ce441-0e59-5146-ab52-91e244982139', (SELECT id FROM defi_token WHERE chain = 'arbitrum' AND address = '0xec70dcb4a1efa46b8f2d97c310c9c4790ba5ffa8'), (SELECT id FROM defi_token WHERE chain = 'arbitrum' AND address = '0x2f2a2543b76a4166549f7aab2e75bef0aefc5b0f')),
  ('27727226-4df4-53b9-b51e-365835f957f6', 'c67ce441-0e59-5146-ab52-91e244982139', (SELECT id FROM defi_token WHERE chain = 'arbitrum' AND address = '0x2f2a2543b76a4166549f7aab2e75bef0aefc5b0f'), (SELECT id FROM defi_token WHERE chain = 'arbitrum' AND address = '0xec70dcb4a1efa46b8f2d97c310c9c4790ba5ffa8')),
  ('f46b1996-e0f4-597a-81cf-d4414c74786d', 'c67ce441-0e59-5146-ab52-91e244982139', (SELECT id FROM defi_token WHERE chain = 'arbitrum' AND address = '0x93b346b6bc2548da6a1e7d98e9a421b42541425b'), (SELECT id FROM defi_token WHERE chain = 'arbitrum' AND address = '0x2f2a2543b76a4166549f7aab2e75bef0aefc5b0f')),
  ('517835c1-7829-50e4-af7e-37cd251cb08b', 'c67ce441-0e59-5146-ab52-91e244982139', (SELECT id FROM defi_token WHERE chain = 'arbitrum' AND address = '0x2f2a2543b76a4166549f7aab2e75bef0aefc5b0f'), (SELECT id FROM defi_token WHERE chain = 'arbitrum' AND address = '0x93b346b6bc2548da6a1e7d98e9a421b42541425b')),
  ('0069b223-8ebf-5ce6-9164-2a130bbffaaa', 'c67ce441-0e59-5146-ab52-91e244982139', (SELECT id FROM defi_token WHERE chain = 'arbitrum' AND address = '0xaf88d065e77c8cc2239327c5edb3a432268e5831'), (SELECT id FROM defi_token WHERE chain = 'arbitrum' AND address = '0x2f2a2543b76a4166549f7aab2e75bef0aefc5b0f')),
  ('cf1eb662-66f9-5e6a-a2d2-9d2d1effb072', 'c67ce441-0e59-5146-ab52-91e244982139', (SELECT id FROM defi_token WHERE chain = 'arbitrum' AND address = '0x2f2a2543b76a4166549f7aab2e75bef0aefc5b0f'), (SELECT id FROM defi_token WHERE chain = 'arbitrum' AND address = '0xaf88d065e77c8cc2239327c5edb3a432268e5831')),
  ('897fcf12-85d1-570f-bf5b-533c7e05688b', 'c67ce441-0e59-5146-ab52-91e244982139', (SELECT id FROM defi_token WHERE chain = 'arbitrum' AND address = '0x17fc002b466eec40dae837fc4be5c67993ddbd6f'), (SELECT id FROM defi_token WHERE chain = 'arbitrum' AND address = '0x2f2a2543b76a4166549f7aab2e75bef0aefc5b0f')),
  ('adb29c1d-5443-55d3-8cd0-dd3b7abe29c2', 'c67ce441-0e59-5146-ab52-91e244982139', (SELECT id FROM defi_token WHERE chain = 'arbitrum' AND address = '0x2f2a2543b76a4166549f7aab2e75bef0aefc5b0f'), (SELECT id FROM defi_token WHERE chain = 'arbitrum' AND address = '0x17fc002b466eec40dae837fc4be5c67993ddbd6f')),
  ('31d4b9ae-dab4-53ca-b252-9991741e072e', 'c67ce441-0e59-5146-ab52-91e244982139', (SELECT id FROM defi_token WHERE chain = 'arbitrum' AND address = '0x912ce59144191c1204e64559fe8253a0e49e6548'), (SELECT id FROM defi_token WHERE chain = 'arbitrum' AND address = '0x2f2a2543b76a4166549f7aab2e75bef0aefc5b0f')),
  ('efb44bbe-9059-5502-ae00-c2df75726eba', 'c67ce441-0e59-5146-ab52-91e244982139', (SELECT id FROM defi_token WHERE chain = 'arbitrum' AND address = '0x2f2a2543b76a4166549f7aab2e75bef0aefc5b0f'), (SELECT id FROM defi_token WHERE chain = 'arbitrum' AND address = '0x912ce59144191c1204e64559fe8253a0e49e6548')),
  ('2be262db-6124-5080-abfd-00a4715a21ab', 'c67ce441-0e59-5146-ab52-91e244982139', (SELECT id FROM defi_token WHERE chain = 'arbitrum' AND address = '0x35751007a407ca6feffe80b3cb397736d2cf4dbe'), (SELECT id FROM defi_token WHERE chain = 'arbitrum' AND address = '0x2f2a2543b76a4166549f7aab2e75bef0aefc5b0f')),
  ('99650eee-06da-5a6d-8188-cdaf11adc7ac', 'c67ce441-0e59-5146-ab52-91e244982139', (SELECT id FROM defi_token WHERE chain = 'arbitrum' AND address = '0x2f2a2543b76a4166549f7aab2e75bef0aefc5b0f'), (SELECT id FROM defi_token WHERE chain = 'arbitrum' AND address = '0x35751007a407ca6feffe80b3cb397736d2cf4dbe')),
  ('4ac10d8b-dcd0-5f7f-9fb5-0a75634fc1c6', 'c67ce441-0e59-5146-ab52-91e244982139', (SELECT id FROM defi_token WHERE chain = 'arbitrum' AND address = '0x7dff72693f6a4149b17e7c6314655f6a9f7c8b33'), (SELECT id FROM defi_token WHERE chain = 'arbitrum' AND address = '0x2f2a2543b76a4166549f7aab2e75bef0aefc5b0f')),
  ('17cfc136-596a-578c-a30d-3badfb51a136', 'c67ce441-0e59-5146-ab52-91e244982139', (SELECT id FROM defi_token WHERE chain = 'arbitrum' AND address = '0x2f2a2543b76a4166549f7aab2e75bef0aefc5b0f'), (SELECT id FROM defi_token WHERE chain = 'arbitrum' AND address = '0x7dff72693f6a4149b17e7c6314655f6a9f7c8b33')),
  ('77173559-76ec-5796-9803-5edf93afa4bc', 'c67ce441-0e59-5146-ab52-91e244982139', (SELECT id FROM defi_token WHERE chain = 'arbitrum' AND address = '0x2416092f143378750bb29b79ed961ab195cceea5'), (SELECT id FROM defi_token WHERE chain = 'arbitrum' AND address = '0x2f2a2543b76a4166549f7aab2e75bef0aefc5b0f')),
  ('5306f32f-0f5e-5281-b977-e1a8e56b5c90', 'c67ce441-0e59-5146-ab52-91e244982139', (SELECT id FROM defi_token WHERE chain = 'arbitrum' AND address = '0x2f2a2543b76a4166549f7aab2e75bef0aefc5b0f'), (SELECT id FROM defi_token WHERE chain = 'arbitrum' AND address = '0x2416092f143378750bb29b79ed961ab195cceea5')),
  ('0984ef39-c487-592a-8ca3-8be5356e54f0', 'c67ce441-0e59-5146-ab52-91e244982139', (SELECT id FROM defi_token WHERE chain = 'arbitrum' AND address = '0x4186bfc76e2e237523cbc30fd220fe055156b41f'), (SELECT id FROM defi_token WHERE chain = 'arbitrum' AND address = '0x2f2a2543b76a4166549f7aab2e75bef0aefc5b0f')),
  ('a0f53aae-5d80-5260-b154-1c9618e80464', 'c67ce441-0e59-5146-ab52-91e244982139', (SELECT id FROM defi_token WHERE chain = 'arbitrum' AND address = '0x2f2a2543b76a4166549f7aab2e75bef0aefc5b0f'), (SELECT id FROM defi_token WHERE chain = 'arbitrum' AND address = '0x4186bfc76e2e237523cbc30fd220fe055156b41f')),
  ('07c6d3d0-4704-517f-9e1e-c65b25e18615', 'c67ce441-0e59-5146-ab52-91e244982139', (SELECT id FROM defi_token WHERE chain = 'arbitrum' AND address = '0x6c84a8f1c29108f47a79964b5fe888d4f4d0de40'), (SELECT id FROM defi_token WHERE chain = 'arbitrum' AND address = '0x2f2a2543b76a4166549f7aab2e75bef0aefc5b0f')),
  ('4b88f8f7-92f3-59ac-9bde-877f53abd7cc', 'c67ce441-0e59-5146-ab52-91e244982139', (SELECT id FROM defi_token WHERE chain = 'arbitrum' AND address = '0x2f2a2543b76a4166549f7aab2e75bef0aefc5b0f'), (SELECT id FROM defi_token WHERE chain = 'arbitrum' AND address = '0x6c84a8f1c29108f47a79964b5fe888d4f4d0de40'))
ON CONFLICT (id) DO UPDATE SET
  action_id = EXCLUDED.action_id, token_in_id = EXCLUDED.token_in_id,
  token_out_id = EXCLUDED.token_out_id;
